drop database if exists snet2008;
CREATE database snet2008;
use snet2008;

drop table if exists users;
CREATE table users(
    id serial primary key, -- serial = bigint unsigned not null auto_increment unique
    email varchar(150) unique,
    pass varchar(100),
    name varchar(50) not null, 
    surname varchar(50),
    phone varchar(20),
    gender char(1),
    birthday date,
    hometown varchar(100),
    photo_id bigint unsigned,
    created_at datetime default now(),
    key(phone),
    key(name, surname)
);

drop table if exists settings;
create table settings(
    user_id serial primary key,
    can_see enum('all', 'friends_of_friends', 'friends'),
    can_comment enum('all', 'friends_of_friends', 'friends', 'nobody'),
    can_message enum('all', 'friends_of_friends', 'friends'),
    foreign key (user_id) references users(id)
);

drop table if exists messages;
CREATE table messages(
    id serial primary key,
    from_user_id bigint unsigned not null,
    to_user_id bigint unsigned not null,
    body text,
    is_read bool default 0,
    created_at datetime default current_timestamp,
    foreign key (from_user_id) references users(id),
    foreign key (to_user_id) references users(id)
);
    
drop table if exists friend_requests;
create table friend_requests(
	initiator_user_id bigint unsigned not null,
	target_user_id  bigint unsigned not null,
	status ENUM('requested', 'approved', 'unfriended', 'declined') default 'requested',
	requested_at datetime default now(),
	confirmed_at datetime, -- TODO выставлять время на UPDATE
	primary key (initiator_user_id, target_user_id),
	foreign key (initiator_user_id) references users(id),
	foreign key (target_user_id) references users(id),
	index(initiator_user_id),
	index(target_user_id)
);

drop table if exists communities;
create table communities(
	id serial,
	name varchar(255) not null,
	primary key (id),
	index(name)
);

drop table if exists users_communities;
create table users_communities(
	user_id bigint unsigned not null,
	community_id bigint unsigned not null,
	is_admin bool default 0,
	primary key (user_id, community_id),
	foreign key (user_id) references users(id),
	foreign key (community_id) references communities(id)
);

drop table if exists posts;
create table posts(
	id serial primary key,
	user_id bigint unsigned not null,
	body text,
	created_at datetime default current_timestamp,
	updated_at datetime,
	foreign key (user_id) references users(id),
	index(user_id)
);

drop table if exists comments;
create table comments(
	id serial primary key,
	user_id bigint unsigned not null,
	post_id bigint unsigned not null,
	body text, 
	created_at datetime default current_timestamp,
	foreign key (user_id) references users(id),
	foreign key (post_id) references posts(id),

	-- dlya realizacii drevovidnoy strukturi kommentariev tak mozhno?:
	parent_comment_id bigint unsigned default null -- null - znachit ne yavlaetsa kommentom na drugoi komment 
);

drop table if exists photos;
create table photos(
	id serial primary key,
	user_id bigint unsigned not null,
	description varchar(255),
	created_at datetime default current_timestamp,
	foreign key (user_id) references users(id),
	index(user_id)
);

DROP  table if exists photos_likes;
create table photos_likes(
    user_id bigint unsigned not null, -- tot kto stavit 'like'
    foreign key (user_id) references users(id),
    target_media_id bigint unsigned not null,
    foreign key (target_media_id) references photos(id),
    primary key (user_id, target_media_id)
);

DROP  table if exists posts_likes;
create table posts_likes(
    user_id bigint unsigned not null, -- tot kto stavit 'like'
    foreign key (user_id) references users(id),
    target_post_id bigint unsigned not null,
    foreign key (target_post_id) references posts(id),
    primary key (user_id, target_post_id)
);

DROP  table if exists users_likes;
create table users_likes(
    user_id bigint unsigned not null, -- tot kto stavit 'like'
    foreign key (user_id) references users(id),
    target_user_id bigint unsigned not null, -- tot komu stavitsa 'like'
    foreign key (target_user_id) references users(id),
    primary key (user_id, target_user_id)
);    

INSERT INTO `users` VALUES ('1','omorar@example.org','fa06f04bb835a4f55f1c185c54c49258b5a5aa00','similique','odio','1-969-312-7358x4061',NULL,'2002-09-20','atque','0','1995-07-08 17:22:34'),
('2','connelly.titus@example.com','a3102b0f0a8f0268772fe6e05a8692f05b3f03ad','tempore','est','605.248.2524x154',NULL,'1981-08-03','quisquam','0','1985-06-23 04:39:29'),
('3','sylvester33@example.com','ff0fba6f298f1dca6a75fe62153372d68dce8eb5','quae','dolorem','896.430.6569',NULL,'2017-04-02','porro','6','2013-04-06 19:57:28'),
('4','mblanda@example.com','68689755475712fbbd3a680c9d6ed21abb9361bf','eaque','ducimus','00925534874',NULL,'2013-06-13','voluptatem','4','2011-02-27 13:49:17'),
('5','nwitting@example.org','3e97f7a09423526f4e0c8e09b46c10d7a98b8085','qui','veniam','+09(6)7578626703',NULL,'2012-07-09','commodi','1','1981-04-26 20:10:29'),
('6','ernest.white@example.com','40041d43d9f22325dad8784a966e36bc8bc4582b','officiis','molestias','1-200-171-7715x1804',NULL,'2017-01-12','vero','3','2004-06-23 16:04:57'),
('7','ffay@example.net','f80ebc9fb34010648c9b1fd333d706c1c4a85091','inventore','ullam','(616)049-3343',NULL,'1983-04-15','error','9','2000-09-26 23:33:02'),
('8','dena.frami@example.org','0d4988b96d864b27a4eca981c79e286e03a01fba','molestias','et','(361)863-0738x5481',NULL,'1988-04-08','ratione','7','1982-07-27 09:45:21'),
('9','pfeffer.jeanette@example.net','bb7b3fedd35740bb26dffb53d8b8982636065dc4','molestiae','iusto','(182)946-9921x52990',NULL,'2018-06-24','et','6','1997-09-03 10:06:57'),
('10','gottlieb.bertha@example.com','36b4f377ae3e522b3a3df6a6c18c1d308940cfd8','sit','laboriosam','03848003228',NULL,'1982-03-11','tempora','3','2018-12-03 17:02:03'),
('11','dtorp@example.net','028ab084df2ea92115d9ab5110ef0e52c50f1fea','alias','eum','255-945-0238x169',NULL,'1977-02-13','ipsam','8','1993-10-16 03:18:00'),
('12','sonya80@example.org','63e9dce2247b8c5a2cbef25d5738a7554b118477','rem','error','1-424-374-4595',NULL,'1988-07-04','consequatur','9','1993-09-02 09:01:17'),
('13','murphy.genesis@example.com','fef36aa26415523a3e6a0c8aa7bebc470910689a','tenetur','enim','869-081-9522x17758',NULL,'2010-07-31','soluta','0','1997-11-01 03:07:36'),
('14','lebsack.alvah@example.net','6ea28c3303fdbb4eeec8ef574176867e44a7d55f','quidem','omnis','(932)941-8550',NULL,'1993-07-02','nemo','3','2014-01-04 04:09:21'),
('15','dlueilwitz@example.com','4e1baf7140d5bf7290946187c1684ce16b6a05ef','praesentium','officiis','(491)884-3195x0782',NULL,'1973-06-11','autem','5','1972-02-11 21:43:29'),
('16','leslie36@example.org','039d0a633029490ac825403dfacbcf764dc05b7d','corrupti','consequatur','(937)953-9907x39709',NULL,'1985-01-16','dolorum','5','1979-09-24 13:43:45'),
('17','americo83@example.net','8be10f6c79bd05f9d238471712a3ddb35ac4bf68','quas','occaecati','795-144-8214',NULL,'1988-12-15','qui','2','2010-03-18 10:06:01'),
('18','antonia.nicolas@example.com','ed767e2b79cba500b3651fb74e71af8fcb39b529','sequi','eum','023.932.1576x3951',NULL,'2014-09-25','autem','1','2013-08-12 12:18:27'),
('19','emiliano53@example.org','a80635a48ff0850da21a6c2e5fed94c1ddbc0e0b','quis','suscipit','1-760-350-1968x32814',NULL,'1994-05-01','ipsa','4','2002-03-12 18:01:07'),
('20','buddy.mclaughlin@example.org','da8aa86e0b20f0ac25e26c8087c49fa85a1b2b82','suscipit','voluptatem','(648)908-4166x1804',NULL,'2007-11-22','voluptatibus','7','1971-08-26 16:39:08'),
('21','audie.weber@example.org','b11a5966b2f9795ece9321fa97f67b37f612739d','voluptate','cum','09152896528',NULL,'1981-07-06','fugit','1','1981-11-01 17:02:43'),
('22','ulowe@example.org','0d2742f8040ccc1dbcbaa12353f3cd2875ed16ac','tenetur','distinctio','614.243.3706x300',NULL,'2010-07-12','et','4','2008-10-14 11:53:57'),
('23','hills.kitty@example.net','bbadf4da5a2731e7b37c544a93395ed78ad12e1c','sint','blanditiis','(016)311-1901x28417',NULL,'2005-07-10','nisi','1','1980-09-19 04:51:53'),
('24','rylee.bergstrom@example.org','fab925b510a8cf72536f30891dc107e0d4fd6598','modi','debitis','1-999-776-2440',NULL,'1995-02-17','laborum','6','1970-05-16 05:13:57'),
('25','gerhold.boris@example.net','e848a69273a7660b07819694002ec43bdde78374','pariatur','rerum','570.708.5371',NULL,'2001-09-28','iusto','3','2003-06-01 11:28:39'),
('26','efrain.collier@example.net','fa71881d4165792842b96ecc17daefdda58cf6e9','harum','est','(175)115-5406x167',NULL,'2000-12-01','dolorum','2','1978-06-26 00:10:32'),
('27','marvin.grady@example.org','a9761c6d5220e3589b83a09bbe9e293666718e61','quae','aliquam','09983604187',NULL,'1983-10-15','rerum','4','1987-07-20 17:51:51'),
('28','eziemann@example.net','aad05890eec0edaccbb47733c69e7d5c50e7ad30','quasi','expedita','08987572884',NULL,'1990-12-21','consequatur','2','2000-05-21 16:22:43'),
('29','wo\'reilly@example.net','53c9aa40056b130956b43476599d327d6e77909d','sit','quibusdam','387.307.7790x82741',NULL,'2004-11-16','odio','4','1993-07-14 20:59:03'),
('30','zschuster@example.org','9186737cd0f0f37fbf69ba1e3448ebf576039261','illo','sed','04189234544',NULL,'2013-03-25','aspernatur','5','2004-07-05 19:46:40'),
('31','dandre.crooks@example.org','a99cfb93912a66f88e564f7b2f6ad8e73517c0f3','sint','illum','(016)012-2726x371',NULL,'1991-04-14','accusamus','8','1979-10-06 15:16:03'),
('32','ruecker.verna@example.org','2c3c7bb29c188ca1c1065c42f6bee0b7edbf1e0c','et','quod','1-721-226-5702x399',NULL,'1998-09-14','praesentium','9','2020-06-15 07:20:12'),
('33','spencer.jeanette@example.org','077a5372432b9f9e8aad05a578868ad3126724d6','provident','dicta','472.679.5095x922',NULL,'2003-05-22','aspernatur','9','1977-11-11 08:55:30'),
('34','callie.green@example.com','6af2016f32c6b41cc1c5774e877d621854cde7d7','eligendi','et','1-083-535-1153',NULL,'1994-03-09','libero','4','1971-05-04 05:36:47'),
('35','ywest@example.net','a3a5336a5257a6c6453a86579fe5954538ed0de0','autem','eveniet','1-902-763-5702',NULL,'2011-08-29','vero','6','2015-07-18 03:17:11'),
('36','jude.o\'connell@example.org','bb9fdeb2e34d301d92586083dd4a7f7177b9917b','cupiditate','officia','+55(9)6039103123',NULL,'1975-09-19','et','0','2001-05-11 00:54:01'),
('37','jakubowski.damon@example.com','ac1ec6f3cdc548c193cb14e6d9c181df27aba30a','perferendis','quia','636.012.2188',NULL,'2015-10-24','quisquam','4','1970-12-14 14:58:55'),
('38','marcelina.boyer@example.net','72e58975d1a8ee73787004442a0edf512abf0f15','nihil','architecto','646.711.2898',NULL,'2003-04-06','sapiente','9','2007-07-25 20:40:26'),
('39','emie.reinger@example.net','9b97390ea2fd68bff4805669ee2edacc7575d88a','quo','sed','362.074.6242x512',NULL,'1979-06-14','consequuntur','3','1985-07-01 02:29:04'),
('40','qvon@example.net','ce7ff12289c112fa26df63b6de32d480458b62aa','minus','ea','1-741-582-4427x9225',NULL,'1985-11-19','ut','1','1989-11-10 21:26:29'),
('41','klein.christine@example.com','4e6e131f6a961841abf432d70c6d048002fa7977','numquam','et','354.698.2812',NULL,'1992-02-06','velit','1','2017-11-02 21:47:52'),
('42','effertz.georgiana@example.net','4b10d3b9c684bddbfdf38ffe516d09a52cc714d7','molestias','explicabo','(539)932-7345',NULL,'2010-06-20','et','9','2011-02-24 19:57:37'),
('43','joberbrunner@example.org','79f6444581b0e445282c5ab0f4f52a032381f05f','molestiae','aspernatur','1-215-148-0492x470',NULL,'1994-11-06','accusamus','2','1986-05-23 07:19:46'),
('44','schiller.philip@example.com','c042b4bf0d38c641566f7bd5e17bc70522026426','est','aut','1-263-760-9718x325',NULL,'2018-07-11','voluptatem','2','1989-04-05 14:04:19'),
('45','maxwell71@example.com','5650366a14aef8e03aa1d0e0d65428791c0da8f0','voluptate','suscipit','07207651179',NULL,'2008-03-31','facilis','0','2002-07-26 19:05:58'),
('46','luettgen.florida@example.com','0c23c63f7b6dbdb51bea764101b93a2a3e876e5a','doloribus','velit','1-225-178-6219x8623',NULL,'2008-06-18','expedita','8','2008-03-04 05:32:53'),
('47','vernie.murphy@example.org','6ac6943c78cb6c1f69257de6025b476ed25514d8','perspiciatis','est','(880)821-5990x87281',NULL,'2008-11-26','ipsa','3','2016-04-17 04:30:44'),
('48','xschmeler@example.org','2f71dd77ceb54d34590b8204f4ccbacb911ed4a1','vitae','reprehenderit','917-612-2799x2508',NULL,'1990-12-06','expedita','8','2014-11-21 21:55:07'),
('49','kozey.dominic@example.org','4156256060cf9d17f8ce53e925b4f3dbede6d501','itaque','blanditiis','841-335-7014x247',NULL,'1995-10-02','non','7','1981-10-24 18:27:40'),
('50','ciara.price@example.net','5dca145848d9c5b8e6e30351648aeccfd29bcf74','asperiores','et','453-474-3589x14901',NULL,'1987-12-25','doloribus','2','2007-09-27 06:24:40'),
('51','otto54@example.com','3ee61e0f98dc6634edc413830c2b53d1106cb124','ut','sint','(692)927-0058x56929',NULL,'2009-06-18','sit','0','2008-07-10 06:30:49'),
('52','champlin.roxane@example.com','c7106cdb7dc9e436086655ca634e78aebc0b03af','nulla','ad','(541)979-5619x73938',NULL,'2009-12-14','et','0','2006-07-11 00:44:33'),
('53','ybergstrom@example.net','cc0023c2038576943150646736778f7e7115f39b','rerum','ut','371-707-9828x45100',NULL,'2000-12-20','animi','9','1990-08-27 16:23:50'),
('54','orpha.hudson@example.com','19747a3e6dbba63b2ad3e35292193f0dc2405eeb','accusamus','exercitationem','739-800-9534x492',NULL,'1982-02-14','voluptas','2','1984-08-24 13:37:10'),
('55','epfeffer@example.net','d159215d102284546479095d5453e9ce275322c4','accusantium','et','650-335-8832x1505',NULL,'2006-08-12','sequi','8','2009-11-11 14:56:20'),
('56','hermina96@example.org','cc0b8608eed2d15311b59a09f7915ddbce87c149','incidunt','error','(761)457-9103x085',NULL,'2007-02-26','qui','8','1981-01-27 08:18:28'),
('57','cbotsford@example.net','8b10bf6315cc54f9ae613a769b09273675d0cd87','doloremque','ut','507-993-1487',NULL,'1987-02-14','explicabo','2','2016-03-27 13:48:23'),
('58','robb.murazik@example.com','54f221175a78bda08f803f9e2473a3898936c25a','alias','tempore','713-956-7395x02455',NULL,'1982-04-16','ratione','9','2012-01-18 07:29:32'),
('59','verlie45@example.com','07a376b424fb4b95de7e68efbc3b73fe25413f97','ab','eum','998.238.7921x8985',NULL,'1979-06-17','error','0','2000-06-09 23:05:15'),
('60','shields.efren@example.org','3fdb5de288b34f8e59f1703af1692e729ab58577','tempora','est','04879152539',NULL,'2007-10-28','enim','6','1986-09-13 15:40:18'),
('61','jules.lind@example.org','198330fc8cbd05a256aba63bae1afe11b909f19d','illo','quas','+39(3)1743856366',NULL,'1985-03-09','quod','1','1972-09-13 22:57:35'),
('62','hcremin@example.com','2e2ab8e6ce95c351a553341b54f6a094be67d52e','consequuntur','adipisci','101.149.0680x38571',NULL,'1995-09-21','natus','7','1985-12-22 20:18:47'),
('63','jast.halle@example.net','29cff47d6e9057147273c531c6e9d76fc6bae27f','nemo','et','(980)728-4966',NULL,'1995-10-07','sequi','8','2003-10-19 17:09:21'),
('64','aglae.labadie@example.com','bb9e9dbd3b716050f5f099393cca106a42fad9cd','debitis','occaecati','+50(0)7435422017',NULL,'1973-05-29','voluptas','5','1998-05-04 12:19:51'),
('65','wehner.eleonore@example.net','764646b1eacc2a8b54aa1fb3969b01ed24dc94bf','deserunt','aut','+43(8)9190952223',NULL,'2014-07-01','rerum','6','1995-11-18 05:36:25'),
('66','kailey94@example.com','ce7d45b6a37ba1d382272e0550f4af279140a531','odio','ducimus','(198)090-5984x76564',NULL,'2020-03-16','qui','7','1978-05-28 13:25:00'),
('67','kayley11@example.net','5ed051b24da402ea5f7b2ecff53b65d1d19e92cb','quisquam','aut','(351)300-6340x875',NULL,'1994-11-28','quae','4','1989-06-11 11:56:13'),
('68','bayer.stefan@example.net','eef4cbfee0fefcec17d69e327d9ecfe03e634a8a','illo','reprehenderit','(755)233-6751',NULL,'2004-04-18','et','2','1979-09-07 01:45:04'),
('69','marvin.trinity@example.com','42e8ce875ae8d702a9d82add4171dc22637ad0d1','rerum','occaecati','876.675.9707',NULL,'1982-07-18','quidem','4','2019-02-04 15:30:08'),
('70','yhammes@example.org','2b9df48660735612d4710ab461c2f364066b2e7d','iusto','asperiores','1-395-163-3512',NULL,'1970-10-26','et','0','1990-03-27 03:22:37'),
('71','towne.cristal@example.net','4bb9035ae3af260977b24ae701923194c79171b0','tenetur','aut','668.582.8294x651',NULL,'2001-11-13','fuga','7','2000-02-04 19:49:30'),
('72','jerald.hyatt@example.org','357ab9556855674058d9b5cf870ec657de6b6490','qui','ut','(903)059-0014',NULL,'2010-01-03','est','8','1993-03-28 18:47:52'),
('73','bailey.keira@example.com','97b10197f293da98e9f51be91aa4f3ec1b60f7d8','minima','minima','(883)086-6794x8555',NULL,'2003-11-04','earum','2','1976-11-09 07:58:56'),
('74','alf.kihn@example.net','1f7d23036f3c4fc00de34ef61e4e090bee0cd410','quidem','id','1-671-439-1597x635',NULL,'1997-03-18','accusantium','1','2009-12-19 19:18:21'),
('75','lenny58@example.org','fda79f2ae8a178d26fc21088f9f765cbdd4ddb4b','sequi','similique','335.737.4733x028',NULL,'2006-09-15','animi','5','1984-03-03 21:00:51'),
('76','kip.rice@example.com','fd057cafdbb5ff9346b491858864c2b4e8c44782','enim','quos','(861)654-3806x63955',NULL,'1974-01-06','quia','0','2002-08-11 04:35:05'),
('77','lance.bergstrom@example.net','6480f19f1fe0400a8474509776699b1e7a66fe21','cupiditate','odio','(602)390-7399x88406',NULL,'2017-07-15','hic','4','2015-04-20 09:27:04'),
('78','albina71@example.com','cce50c3941c725490d0013c28e275efac54a9e97','ab','labore','256-182-1145x860',NULL,'2002-06-25','placeat','5','2010-02-02 21:28:10'),
('79','leuschke.jasper@example.org','c527c96806c451b7d0fe7f1d587ad6d1c2a273b6','possimus','dicta','+71(8)7199501849',NULL,'2012-03-02','distinctio','3','2015-12-03 11:58:04'),
('80','proob@example.com','22d43851a43822139c4eec5f17cae080dea55b02','consectetur','consequatur','(438)722-6417x914',NULL,'1990-07-16','cum','1','2008-01-21 05:33:53'),
('81','rafael89@example.org','4b0f96532f502b619ad7d91c07b1f8afadc7ec73','nulla','et','1-270-602-2695',NULL,'2002-08-07','delectus','9','1998-01-16 16:51:38'),
('82','kristopher.krajcik@example.net','ae535105fc07faa94756bdf99969181f567fe103','occaecati','culpa','909.081.0988',NULL,'1994-10-19','et','9','1991-08-08 21:22:16'),
('83','kuhic.jannie@example.com','04005a00428d3bd19c3ad09aeb20d661c1f296ee','et','voluptas','351-089-2259',NULL,'1998-07-07','distinctio','7','2006-02-18 01:56:02'),
('84','gislason.jeanie@example.com','660cc6e23c10c535712367b682c1e072795b9042','unde','minima','144.584.5078x4439',NULL,'1997-06-01','aliquid','5','2020-02-10 23:00:19'),
('85','phahn@example.com','b84ef1f534839d3e591772081320fa758bb26d70','ut','enim','1-944-252-7910',NULL,'2010-10-27','molestiae','8','1999-12-25 23:14:19'),
('86','buster37@example.com','5ce84d36777b7dff527d0f2207b6f61772c2c6aa','harum','distinctio','+55(7)6940301502',NULL,'2016-09-04','ea','4','2002-09-11 13:35:02'),
('87','smcdermott@example.net','de958c1b37afe850e9a33bf4202afbe6e4f92e35','voluptatem','nam','147-208-6114x1557',NULL,'1999-05-04','blanditiis','6','1988-06-21 15:45:03'),
('88','amos.ledner@example.net','e0d85f18269618cba914293bff1791f8346611f4','ab','autem','(026)354-8172x34510',NULL,'1977-12-26','sit','3','1987-10-28 01:29:36'),
('89','dario18@example.com','f274857bdb2e7a837f429f0a15777ef012d01157','quo','consequatur','844.909.3871x518',NULL,'2019-01-19','maxime','1','1989-07-23 08:22:21'),
('90','beth.fisher@example.com','7bb3f8a7242922b0426b9871cd29039042f61751','repellendus','quo','943.980.7409x157',NULL,'2013-07-03','qui','7','1993-04-03 04:12:11'),
('91','wunsch.montana@example.org','b75ed96cc84913eafa901151a69681cde058fad4','error','quis','925.296.2481',NULL,'1979-03-29','dolor','9','1972-10-17 07:59:11'),
('92','wledner@example.net','af32759ede5f58bd8ea39735ec7dbd9cabee5e5f','recusandae','id','1-106-167-7200',NULL,'1995-10-19','voluptatem','8','1975-10-18 14:52:43'),
('93','meggie.emard@example.org','1958541ea1641fc7fcd4f1016976ecfcae788d62','omnis','omnis','(580)828-3546',NULL,'2006-03-18','dolore','6','2005-03-13 16:55:46'),
('94','tressa26@example.com','b64b62e5bf857246aa83f9eef88cf19010dabe5a','consectetur','non','806-185-1386',NULL,'2006-12-14','illum','1','2012-07-16 02:05:17'),
('95','obie27@example.org','b2a658fe4933da2abd775e3217987c87d07f584a','provident','ut','(068)438-2738x786',NULL,'1984-12-17','ad','3','2004-07-15 13:01:39'),
('96','deondre.abshire@example.com','dc0db3bcc41874de2110f3c8c4a828cd1052fab7','qui','ea','625-121-0250x768',NULL,'2011-03-16','omnis','0','1983-08-03 09:56:57'),
('97','asia.runolfsdottir@example.net','330135f410f52d523e73f1a7b06df7ba912e6896','incidunt','eos','(406)788-2637',NULL,'2008-03-14','perspiciatis','3','2010-06-29 21:07:30'),
('98','angel47@example.net','8adee7854f5adbb46fba0f12e6550e17dc4dc3ee','voluptas','provident','1-212-373-9303x42440',NULL,'1987-09-14','pariatur','7','2010-06-24 11:31:57'),
('99','neoma75@example.com','e8c37aba052965ffac237f2fc06b89046a7fce5d','expedita','rerum','715.556.2124x816',NULL,'2008-04-04','non','3','1983-07-20 12:44:47'),
('100','yo\'reilly@example.org','cde5ccd4bd8a861abcbb12cb712aa083dd240fd8','rerum','consequatur','029-835-0175',NULL,'2001-07-14','reiciendis','6','2007-04-25 21:03:30'); 

INSERT INTO `settings` VALUES ('1','all','nobody','friends'),
('2','friends','friends','friends'),
('3','all','friends','friends'),
('4','friends_of_friends','all','friends_of_friends'),
('5','friends','friends_of_friends','friends'),
('6','all','friends','all'),
('7','friends','all','friends'),
('8','friends_of_friends','friends_of_friends','all'),
('9','all','nobody','all'),
('10','all','friends_of_friends','friends'),
('11','friends_of_friends','all','friends_of_friends'),
('12','friends_of_friends','friends','friends'),
('13','friends_of_friends','friends','friends_of_friends'),
('14','friends_of_friends','friends','all'),
('15','all','all','friends_of_friends'),
('16','all','all','friends_of_friends'),
('17','friends_of_friends','friends_of_friends','friends_of_friends'),
('18','friends_of_friends','friends_of_friends','friends'),
('19','friends','nobody','friends_of_friends'),
('20','all','friends','friends'),
('21','friends','all','friends_of_friends'),
('22','all','nobody','friends_of_friends'),
('23','all','friends','all'),
('24','friends_of_friends','friends','friends'),
('25','all','all','friends_of_friends'),
('26','friends_of_friends','friends','friends'),
('27','friends_of_friends','friends','friends_of_friends'),
('28','all','friends','friends_of_friends'),
('29','friends','friends_of_friends','friends'),
('30','friends_of_friends','friends','all'),
('31','friends_of_friends','all','all'),
('32','friends','friends_of_friends','friends'),
('33','friends_of_friends','all','friends'),
('34','all','all','all'),
('35','friends','nobody','all'),
('36','friends','all','friends_of_friends'),
('37','friends','all','all'),
('38','all','nobody','all'),
('39','friends','friends','friends_of_friends'),
('40','friends_of_friends','nobody','friends_of_friends'),
('41','all','all','friends'),
('42','all','friends_of_friends','all'),
('43','friends_of_friends','friends_of_friends','friends_of_friends'),
('44','friends','friends','friends_of_friends'),
('45','friends','nobody','friends'),
('46','friends','all','friends_of_friends'),
('47','all','friends','friends_of_friends'),
('48','friends','all','friends'),
('49','friends','all','friends'),
('50','all','friends_of_friends','friends'),
('51','friends','all','friends'),
('52','friends_of_friends','friends','friends'),
('53','all','friends','friends_of_friends'),
('54','all','all','friends'),
('55','friends','nobody','friends_of_friends'),
('56','all','friends_of_friends','friends'),
('57','all','friends_of_friends','friends_of_friends'),
('58','friends_of_friends','nobody','all'),
('59','friends_of_friends','nobody','friends_of_friends'),
('60','all','friends_of_friends','friends_of_friends'),
('61','friends_of_friends','all','friends_of_friends'),
('62','friends','friends_of_friends','all'),
('63','friends_of_friends','friends_of_friends','all'),
('64','friends_of_friends','friends','all'),
('65','all','all','friends'),
('66','all','friends','friends_of_friends'),
('67','all','friends','friends_of_friends'),
('68','friends','nobody','friends_of_friends'),
('69','all','friends_of_friends','all'),
('70','all','all','friends_of_friends'),
('71','all','friends','friends_of_friends'),
('72','friends','friends','friends_of_friends'),
('73','friends_of_friends','friends_of_friends','all'),
('74','friends','friends_of_friends','friends_of_friends'),
('75','friends','friends_of_friends','all'),
('76','friends','friends','friends'),
('77','friends_of_friends','friends','friends'),
('78','friends','friends','friends'),
('79','friends_of_friends','friends','friends'),
('80','friends','friends','friends_of_friends'),
('81','friends_of_friends','friends','all'),
('82','friends_of_friends','friends','friends'),
('83','friends','friends','all'),
('84','friends_of_friends','nobody','friends_of_friends'),
('85','all','nobody','all'),
('86','friends_of_friends','nobody','all'),
('87','friends','all','all'),
('88','all','all','friends_of_friends'),
('89','friends','friends','all'),
('90','all','friends','all'),
('91','all','friends','friends_of_friends'),
('92','friends','nobody','friends'),
('93','friends_of_friends','nobody','friends_of_friends'),
('94','all','all','all'),
('95','all','all','friends'),
('96','all','friends','friends_of_friends'),
('97','friends','friends_of_friends','all'),
('98','friends_of_friends','friends_of_friends','friends'),
('99','friends_of_friends','friends','all'),
('100','friends_of_friends','friends','all'); 


INSERT INTO `posts` VALUES ('1','1','Distinctio ex voluptatibus odio est iure possimus. Nisi voluptatem similique fuga aut unde.','2005-05-09 03:03:10','1978-09-11 11:00:54'),
('2','2','Fugiat incidunt quasi libero quae consequatur. Quis autem non incidunt modi quia aut veritatis. Quas laudantium quaerat deleniti provident ut cum enim.','2000-05-26 03:39:35','1984-04-11 11:16:20'),
('3','3','Id dolorum beatae tenetur ipsam enim porro. Numquam eveniet omnis fugiat animi numquam. Ut in laboriosam voluptatem quibusdam molestias earum nulla esse. Quo placeat consequatur enim.','1983-04-04 08:20:33','1973-02-16 17:00:42'),
('4','4','Ut nam cupiditate ullam rerum qui repudiandae molestias. Cupiditate molestiae delectus quasi numquam mollitia numquam ut atque. Voluptate magni enim ipsa quasi. Et beatae praesentium sed voluptas magni quo consequuntur dolor.','1977-04-19 07:55:50','1974-04-17 15:23:59'),
('5','5','Aliquam voluptas quae in minima. Impedit perspiciatis accusantium omnis ducimus et qui. Optio tempora fugiat sed labore ut vel. Harum assumenda repellendus tempora unde hic consequuntur.','1995-03-09 02:17:54','2017-02-25 03:07:45'),
('6','6','Mollitia et harum ea sint autem minus perferendis. Non est rem velit dolorum. Quis reiciendis cum consectetur eaque quidem.','1977-12-25 23:10:27','1992-09-12 20:58:20'),
('7','7','Et perferendis illo aut quam et dolore natus. Accusantium quae consequatur temporibus vitae blanditiis occaecati consequuntur. Laudantium quaerat voluptas et officiis.','1975-08-16 00:25:44','2014-03-18 09:17:00'),
('8','8','Fuga explicabo molestiae quibusdam eos sint impedit. Quis blanditiis et aut et.','1973-03-26 19:19:43','2005-05-31 13:02:31'),
('9','9','Illum cumque dolorem voluptas iure. Ut sint qui ipsa quibusdam aut amet voluptas. Exercitationem quidem atque et dignissimos. Natus atque corporis quo ex est recusandae est temporibus.','2002-06-29 07:36:39','2012-08-28 18:09:54'),
('10','10','Est doloremque iste velit distinctio voluptates quis aut. Aliquid minima recusandae placeat mollitia sed ab. Quaerat vero et nesciunt.','1992-12-08 20:46:59','1970-02-26 01:43:20'),
('11','11','Natus rerum recusandae voluptatem iure. Temporibus sunt ratione sapiente sint corporis. Non et non excepturi quod.','1992-12-24 14:50:23','2016-11-17 18:00:40'),
('12','12','Nobis voluptate praesentium et sed sit enim. Quia incidunt quisquam odio autem.','1972-10-30 08:07:28','2009-01-24 13:06:56'),
('13','13','Enim dolores qui quaerat sit. Laboriosam non error laudantium optio. Autem dolore assumenda rerum ad est. Atque animi molestiae iste nihil.','1973-02-17 13:40:52','1983-07-10 09:28:46'),
('14','14','Harum impedit nihil ut accusamus. Assumenda et iure nulla similique in aut. Officia soluta nesciunt consequatur dignissimos soluta qui nemo. Pariatur voluptatum error ut repudiandae architecto minima in. Eligendi et aut tempora error unde sunt repellat.','1992-11-11 10:35:26','2007-08-31 06:02:35'),
('15','15','Aut temporibus ipsum debitis non aut recusandae dolorem velit. Sed sit ut aut aliquid. Dolor enim voluptatem exercitationem non unde sapiente eos.','1972-06-21 22:40:26','2014-04-06 05:49:45'),
('16','16','Delectus rerum adipisci animi pariatur ut. Sequi molestias odit ullam numquam. Consectetur beatae eaque nulla mollitia dignissimos aut totam. Porro odit eum neque accusamus laboriosam.','1973-06-04 12:15:17','1986-01-04 23:15:18'),
('17','17','Earum eos id esse aut dolores. Consectetur voluptatem saepe sapiente dolorum possimus repudiandae. Sunt odit unde eius ut itaque laborum nostrum.','2016-05-21 07:42:24','2003-05-26 10:54:41'),
('18','18','Exercitationem qui magnam laudantium officiis tenetur debitis corporis. Illum quos enim omnis architecto. Nam hic rem voluptatem. Animi tempore quaerat eos in sed.','1993-07-22 04:06:36','2000-03-24 23:20:33'),
('19','19','Excepturi aut consequatur ut excepturi. In est doloribus illo voluptates amet odio. Reiciendis totam quisquam sint dolores rem. Qui voluptates minima neque commodi et magni nulla.','1997-09-13 09:27:24','2003-04-05 00:24:17'),
('20','20','Est est qui eum dolorum tempora iste. Odit eaque vel qui sed vel aliquam. Explicabo nobis reprehenderit laudantium sint aliquid sunt suscipit. Et praesentium unde vero quod occaecati at ipsa.','1996-10-02 21:53:10','2005-12-14 13:29:38'),
('21','21','Aliquid fugit consequatur illum eum nihil ut. Ut consequatur aperiam fuga quas assumenda. Ex enim voluptatibus nesciunt et rerum et ut.','1994-07-12 08:23:13','2007-11-09 00:34:24'),
('22','22','Nihil rem labore corrupti autem dolorum et. Optio labore reprehenderit nemo vitae veniam necessitatibus. Cumque vel veniam sint provident id dolor. Iure sed autem ab vel enim fugiat.','1996-10-15 15:26:03','2001-01-05 04:50:59'),
('23','23','Aut dolor hic et quidem ea aliquam dolorem. Laudantium nihil rem a sequi repellat necessitatibus ut. Nisi autem nam est quia dolorem.','2010-05-31 15:58:02','2012-06-15 20:21:11'),
('24','24','Voluptatem ad aut vero maxime. Qui nihil omnis quos earum autem excepturi quis pariatur. Eligendi accusamus excepturi quam provident fugit error.','2013-12-02 23:02:28','2001-09-22 19:45:10'),
('25','25','Pariatur minus quas officia quam id. Neque quisquam aliquam illo ex reiciendis libero explicabo dolores. Molestiae sit voluptas ea fugit consequatur quae delectus.','1990-04-03 03:04:43','1984-08-17 17:54:01'),
('26','26','Velit beatae aut placeat nihil eligendi accusantium delectus. Sit dolore dolorem velit neque et aliquam ea ut. Sed impedit et nemo reiciendis quidem accusamus laboriosam nostrum. Officia quo itaque facilis perspiciatis et.','1976-04-17 19:39:35','1994-10-21 02:08:53'),
('27','27','Sit voluptatibus qui qui voluptatem qui officia unde qui. Repellendus odio tenetur voluptatibus quos debitis quis. Magni voluptatem facere et itaque nemo.','1998-07-16 09:38:29','1993-08-24 04:38:46'),
('28','28','Illum quia eum ullam illum voluptatem dolorum. Debitis nobis dolor est id in. Fuga blanditiis molestias id adipisci soluta repellat. Consequuntur est repellat aliquam vero. Suscipit explicabo omnis aut quo.','2002-08-10 13:54:16','1984-06-23 07:14:23'),
('29','29','Rerum consectetur hic officia voluptas. Totam quidem sit repudiandae. Illum reiciendis sed cumque fugiat. Porro repellat numquam eveniet necessitatibus voluptas.','1996-08-22 22:24:56','1983-02-07 01:14:13'),
('30','30','Ex odit suscipit est voluptatem. Accusamus nihil non natus ipsam. Eveniet perspiciatis porro dolorem soluta et magni. Debitis illo molestias ducimus cupiditate ea quas.','1989-11-08 23:26:38','2010-03-25 18:49:27'),
('31','31','Vero nesciunt excepturi perspiciatis animi. Cupiditate nulla in impedit mollitia id magni vel.','1978-03-14 11:18:06','2015-08-17 21:28:26'),
('32','32','Corporis consequatur eaque pariatur voluptatem nam. Odio voluptas deserunt nisi veritatis incidunt. Ratione ipsam similique eligendi eius.','2009-09-24 10:13:55','2000-10-20 23:29:08'),
('33','33','Ut voluptatem molestiae quia. Officia architecto enim quo. Suscipit alias velit pariatur sed occaecati minima sed et. Ut id hic nihil non.','1981-10-23 03:59:11','2008-10-26 14:40:27'),
('34','34','Adipisci ut veritatis aut at delectus nisi. Perspiciatis id sapiente sed ut placeat et. Odio molestiae id doloribus.','1970-12-22 04:41:47','1992-09-14 12:44:22'),
('35','35','Iure id minus tenetur ut rerum illum. Ex asperiores aliquam veniam sed vitae. Sed ab error cumque nisi harum. Nam ab consequatur modi atque reiciendis fuga ad libero.','2016-06-07 21:34:28','1974-08-03 17:13:42'),
('36','36','Quos provident molestias est temporibus delectus. Eum est aperiam voluptatem fugiat vel. Facilis omnis reiciendis est doloribus. Dicta rerum et veritatis possimus nam.','1995-11-14 02:27:39','1985-10-18 07:32:50'),
('37','37','Occaecati excepturi veritatis dolorum possimus sed dolores dignissimos. Vitae quas non tenetur voluptatem. Sint qui fugiat asperiores voluptates molestias. Reiciendis magnam illo cupiditate quos neque error.','2006-04-26 00:20:15','1983-04-03 06:45:49'),
('38','38','Sunt asperiores officiis autem voluptas pariatur ut. Sapiente suscipit explicabo non et dolores voluptate optio. Delectus ut adipisci architecto sit sed ex. Blanditiis sit qui dolor nulla odit dolor.','1983-04-01 06:48:49','1987-08-05 13:58:05'),
('39','39','Quo earum quos qui. Fugiat aliquam delectus eaque non consequatur aut. Vel minima velit architecto enim tempore quo ex.','1986-11-26 10:07:23','1992-09-12 07:17:12'),
('40','40','Est delectus et perspiciatis ducimus. Sunt maxime dolore itaque at odio. Quos quod tempore placeat quia.','1973-09-18 05:12:49','1989-06-17 11:16:44'),
('41','41','Voluptate ullam ut atque ut odit et. Rerum non quas tenetur ex. Est nam rerum quam aut at reiciendis. Ipsum totam deleniti delectus ea.','2013-02-03 17:31:42','1987-03-28 10:12:01'),
('42','42','Voluptas et nemo quisquam illo. Adipisci voluptatum repellat eius quos dolorem optio sequi. Fugit ducimus qui aut incidunt qui.','2017-02-06 00:06:41','1994-05-16 00:49:59'),
('43','43','Omnis qui nihil aut vel voluptas officiis sit. Aut nihil adipisci reiciendis tenetur veniam suscipit dolor. Aperiam molestiae molestiae voluptatem tenetur.','1980-01-19 04:05:40','1980-07-18 23:45:46'),
('44','44','Facilis occaecati laboriosam rerum totam. Minus sit nisi voluptatem voluptatem labore sit. Qui ad ea dolore et et eveniet itaque. Ullam expedita facere doloribus odit quis.','1978-01-22 07:00:10','2015-03-22 01:36:22'),
('45','45','Iste aut ut culpa harum. Quia dolor repudiandae consequatur optio quisquam.','2000-02-28 03:37:14','1998-04-17 15:30:12'),
('46','46','Est enim commodi aut. Dolore et distinctio tenetur similique.','1978-09-21 15:50:48','2004-01-04 02:41:45'),
('47','47','Ut sunt fugit at qui blanditiis dolorem molestiae facere. Vel saepe ut quo iusto. Voluptatem doloremque numquam necessitatibus non. Est hic et error rem id voluptates et.','1981-02-06 10:30:12','2006-01-17 13:47:54'),
('48','48','Illum et minus quas similique qui. Quas soluta eos nemo sed voluptate sed. At deleniti quam omnis. Sed eius magnam aut impedit reiciendis sapiente. Eos nemo et deserunt quaerat.','2009-07-15 12:56:07','1976-02-07 19:30:50'),
('49','49','Similique officiis est perspiciatis debitis expedita vel sit. Rem et architecto velit. Aliquid repudiandae et rerum sit. Laboriosam incidunt mollitia quo ipsum.','2013-09-15 02:17:29','1999-10-31 03:58:02'),
('50','50','Dolore facilis fugiat qui numquam sit repudiandae. Ipsum voluptates natus quia.','1977-04-14 14:12:59','1991-08-20 11:15:49'),
('51','51','In est suscipit consequatur doloremque. Sint in occaecati nemo labore. Autem deleniti dolor ut qui veritatis fugiat.','1999-11-11 20:08:06','1993-06-01 11:01:41'),
('52','52','Vel sunt ea voluptate et doloribus aut necessitatibus. Aspernatur ad consequatur sed non vel ea repudiandae. Cum fugiat excepturi officiis et facilis est. Quaerat est modi ipsa omnis consequatur rerum.','1998-06-17 23:45:28','1986-11-15 06:52:14'),
('53','53','Ipsa unde similique id aut recusandae earum. Aut odit facilis odio sed.','1995-10-09 16:45:44','2013-02-03 03:00:50'),
('54','54','Qui dolores sed cumque similique doloribus consequatur aliquid accusantium. In rerum dolorem similique perferendis omnis. Consectetur ad similique ea quo sit.','1995-08-11 00:24:44','1996-11-30 11:45:44'),
('55','55','Vitae molestiae vel et. Vero corporis sunt est aperiam aut repudiandae. Consequatur illum laborum architecto harum cum. Necessitatibus repellat dolorem voluptatem recusandae.','1971-09-20 02:36:05','2003-12-09 16:40:46'),
('56','56','Quo assumenda soluta impedit officiis officia. Amet ipsam ab harum impedit. Magni provident eos cum vero. Nihil neque enim perferendis qui minus qui expedita.','2016-11-18 03:38:30','1986-10-22 05:30:52'),
('57','57','Sunt sit aut quis ratione tempora rerum quod veritatis. Aspernatur assumenda ea commodi dolores ducimus. Dicta nisi est eligendi aut quis deleniti itaque illo. Voluptatem quia quibusdam voluptatem consequatur nostrum distinctio iure placeat. Ad nesciunt magnam temporibus aliquid.','2001-04-08 09:10:36','1975-10-01 11:48:27'),
('58','58','Harum voluptates iure accusantium autem esse quidem. Aut eos in praesentium rerum. Labore aut quos sunt excepturi.','1993-09-26 12:21:03','1995-11-30 05:00:25'),
('59','59','Enim ullam neque ratione non. Ad ut laboriosam neque. Nisi non placeat pariatur. Laborum alias dolorum et voluptatum sequi.','1983-09-24 15:57:23','1974-03-15 18:21:55'),
('60','60','Consequatur ut et id. Est dolor voluptatibus eum. Sint et perferendis harum consequatur molestias dolorem. Harum commodi ut ipsam ut saepe non libero.','1992-10-29 17:13:57','1974-01-20 14:12:37'),
('61','61','Culpa voluptatem fugit minima deleniti earum recusandae cupiditate. Minus dolorem totam consectetur a labore. Vel voluptas cumque quasi explicabo id est.','1973-07-22 21:28:36','1973-11-22 12:43:40'),
('62','62','Qui eum delectus sapiente veniam voluptate. Atque molestias qui enim repudiandae. Neque neque rerum facere sint deleniti non nisi voluptas. Hic perferendis aut qui porro dicta.','2016-05-10 12:50:00','1981-10-17 12:04:47'),
('63','63','Sint molestias eveniet repudiandae sint. Voluptas illum quod fugit tenetur nisi repellendus. Eligendi eligendi dolor nesciunt commodi et mollitia.','2012-03-16 20:48:42','1997-04-21 07:01:09'),
('64','64','Architecto excepturi sit eligendi commodi ad quia alias. Deleniti sequi quos et saepe delectus explicabo omnis consequatur. Facilis quia alias aliquam officiis sit. Praesentium culpa voluptas perferendis vero omnis quibusdam.','1995-04-03 21:14:02','1981-05-19 18:33:12'),
('65','65','Sit nulla et aut quae vel quia rem. Harum non fugit qui hic sed. Qui quis nihil vero tenetur iure sequi ad laborum.','2012-04-24 17:55:08','2008-04-21 16:11:26'),
('66','66','Molestiae voluptatem aspernatur eaque quia omnis nesciunt. Eos architecto nihil quis asperiores reiciendis voluptate ea. Et ut rerum et quo velit cumque exercitationem.','1973-06-26 21:41:23','2009-04-08 02:52:08'),
('67','67','Omnis repellendus aut perferendis quis exercitationem. Quia nam aliquam aperiam qui. Non vero veritatis ipsa veritatis ipsam. Dolorem aut dolorem distinctio non.','1998-04-11 04:20:25','1971-04-11 19:22:26'),
('68','68','Nobis distinctio nisi quos unde. Commodi temporibus suscipit eos est repellendus illum. Voluptatem rerum quam illum facilis labore.','1980-03-05 05:49:37','1987-04-07 01:52:54'),
('69','69','Repellat reprehenderit sed minus omnis. Quam et possimus repudiandae praesentium quasi. Quod iste voluptatem itaque et sed.','1996-07-29 12:56:12','1996-02-20 11:47:06'),
('70','70','Aliquam quam vel numquam sit et ratione consequatur omnis. Tempore rerum at quia nesciunt repellendus aut. Iste animi temporibus aut earum soluta eaque. Sapiente sed corrupti sint optio.','1983-02-03 03:54:03','1973-01-04 01:38:28'),
('71','71','Magnam perferendis incidunt quam voluptatem dolor. Id omnis praesentium aut quod. Recusandae itaque vel laborum. Vero voluptas quidem id mollitia.','2001-11-13 23:53:17','1985-10-23 15:33:01'),
('72','72','Vel cumque ut et dolorum et. Debitis inventore ipsum inventore.','1976-02-11 10:10:16','2016-11-05 04:32:31'),
('73','73','Quod a laudantium earum tenetur. Laborum nobis harum voluptatem. Deserunt pariatur quibusdam enim. Nihil sed ad pariatur et harum illo.','2014-01-29 18:01:07','2014-07-05 12:59:42'),
('74','74','Ducimus at saepe eaque facilis cum facere. Molestiae optio sed delectus est ea eum. Aut expedita magnam accusamus aperiam occaecati.','1979-09-29 12:42:09','2014-08-16 08:33:55'),
('75','75','Itaque aut in animi non similique. Impedit voluptatem exercitationem et aliquam officiis. Recusandae sunt qui ut explicabo.','1982-04-14 11:03:12','2019-08-03 18:52:45'),
('76','76','Odit aperiam sint quidem quibusdam provident nobis ea. Saepe repellendus tenetur et nostrum hic sequi cumque. Consequatur doloribus perferendis quod vel et corrupti. Sed nam possimus perspiciatis necessitatibus.','2009-10-27 00:50:07','1976-02-19 22:02:17'),
('77','77','Recusandae modi reiciendis odio earum hic dolorem asperiores. Eos enim possimus id veritatis rerum totam blanditiis sint. Fuga et tenetur quod eos et amet aut quod. Aut et illo dolores assumenda.','2018-05-27 06:36:43','2008-02-16 11:07:30'),
('78','78','Ut molestiae sit magni aspernatur. Dolorem odio aut velit odio dolorum repellat. Officia vel rem magni qui cupiditate. Dolores consectetur non dicta aperiam incidunt placeat sit.','1996-02-14 12:23:00','2016-08-04 16:40:04'),
('79','79','Deserunt nulla omnis quibusdam sit et enim fuga quaerat. Quasi vitae quae et fugit tempore sint et.','2002-05-16 09:03:25','1973-07-21 13:14:37'),
('80','80','Ea optio molestiae voluptas. Vitae corrupti beatae omnis reiciendis. Impedit voluptatem veritatis esse ut. Tempora sequi sit debitis non dolor.','1978-04-17 06:37:02','1989-08-03 12:36:15'),
('81','81','Adipisci saepe repellat blanditiis atque. Officia culpa quia ratione delectus eum aperiam commodi. Sint quaerat minus qui. Perspiciatis esse eum eligendi repudiandae.','1987-03-30 01:50:24','1972-06-04 09:18:47'),
('82','82','Iste ut aut vel doloribus rerum explicabo ratione. Unde accusantium qui laudantium molestiae fuga facere. Maiores dignissimos optio possimus tempora voluptatem sit.','2019-09-27 10:39:28','1986-06-05 03:28:11'),
('83','83','Est commodi amet eius quo neque fugit. Nulla quia repudiandae dicta eligendi. Minima amet praesentium ipsam.','2001-09-25 09:50:11','2008-07-17 12:42:13'),
('84','84','Nesciunt repudiandae temporibus qui sequi. Dignissimos consequatur dolorum molestiae eos accusamus sed totam. Porro beatae amet officiis ad.','1974-03-27 16:27:21','1983-11-08 11:06:03'),
('85','85','Sed atque qui explicabo dolorum autem. Sint aperiam sed quaerat. Dolore aut aperiam aliquam ipsa.','1978-10-09 05:54:40','1983-12-17 04:46:55'),
('86','86','Aperiam suscipit in voluptas porro sapiente enim blanditiis. Dolores est eos ex nobis aut. Culpa id assumenda quibusdam quas. Quos et voluptas dolorem sed neque ea. Consequatur voluptates perferendis et impedit nesciunt ut.','2012-09-07 01:20:43','2015-06-12 03:48:12'),
('87','87','Qui quis tempore fugit qui quasi. Repellat dolores ducimus maxime aperiam placeat sed. Veritatis magnam labore exercitationem est. Suscipit reprehenderit atque doloribus veritatis et.','1975-06-16 16:14:15','1977-05-13 00:37:19'),
('88','88','Est tempora magni placeat voluptatum. Doloribus iusto natus et et rerum sit ut. Et minus rerum doloribus aut.','1977-10-24 08:07:56','2013-02-23 03:17:58'),
('89','89','Perferendis suscipit dolores corporis aut et delectus totam. Perferendis aut vitae adipisci omnis quaerat quam. Et aut natus nihil sed. Hic blanditiis fugiat sed ut ipsa ea quidem. Ipsum ut maiores reprehenderit accusamus voluptate voluptates quo.','1991-02-01 11:40:48','1972-01-13 18:34:31'),
('90','90','Eius nostrum in aperiam qui. Voluptatem quo et ut itaque. Sequi optio officia fugit veritatis.','1997-11-02 14:33:58','1991-07-26 09:30:44'),
('91','91','Incidunt unde cum illo aut molestiae. Quod eos consequatur sit sit ut aut enim. Repellat beatae modi et vero eos ut. Atque eos quasi et placeat maiores velit.','2011-12-06 20:12:13','2020-02-27 22:02:41'),
('92','92','Placeat officia velit magni adipisci libero qui. Aliquid atque saepe sapiente aspernatur tenetur officia. Et aut vel qui.','2017-08-18 01:08:02','2003-12-02 02:34:15'),
('93','93','Quia error ea ad. Possimus tempora sunt voluptatem quibusdam. Alias aut ab ad quo ad commodi eius. Cumque magni consequatur ea quae totam recusandae aliquam.','1995-10-20 02:52:16','2001-06-22 18:27:35'),
('94','94','Rerum autem labore explicabo in aperiam aut itaque. Blanditiis sint veniam in porro aperiam et. Voluptatum distinctio minus qui fugiat magnam. Autem qui non eveniet.','1971-07-11 02:12:53','1981-02-17 08:29:54'),
('95','95','Aut rem qui hic nemo molestiae ut dicta sit. Nulla nam et modi dignissimos fugit neque. Dolore in ipsa nemo quam et ducimus. A consequuntur dolor numquam reiciendis incidunt inventore.','1981-07-15 21:07:23','1979-11-18 07:47:55'),
('96','96','Ducimus quae sequi aut officiis nihil dicta laborum. Aut quia accusamus accusamus temporibus. Unde laudantium cupiditate molestiae optio.','1974-11-30 23:09:24','1977-05-29 19:15:51'),
('97','97','Incidunt omnis deleniti asperiores rerum consequatur doloribus qui. Sapiente et expedita culpa. Nam velit enim asperiores nihil inventore tempore. A adipisci molestias blanditiis perspiciatis et.','2008-04-15 20:33:24','2004-11-06 14:41:13'),
('98','98','Sit placeat maxime dolorum odio delectus et. Velit et est numquam enim esse eum soluta. Vel natus corrupti assumenda velit similique. Aut ratione sunt sunt dicta reiciendis necessitatibus.','2006-10-09 09:13:38','2015-01-20 09:40:25'),
('99','99','Voluptatem nemo assumenda iusto voluptatibus sunt in. Distinctio voluptas repudiandae accusamus ea quam adipisci architecto. Nemo illo qui minus et quae fugiat.','1995-12-10 12:44:34','1996-09-02 05:20:38'),
('100','100','Voluptatem odio voluptatem quis nisi. Provident iste occaecati saepe aliquid. Cupiditate omnis nostrum veritatis ut quia.','2003-02-07 23:42:22','2015-12-10 05:31:06'); 


INSERT INTO `posts_likes` VALUES ('1','1'),
('2','2'),
('3','3'),
('4','4'),
('5','5'),
('6','6'),
('7','7'),
('8','8'),
('9','9'),
('10','10'),
('11','11'),
('12','12'),
('13','13'),
('14','14'),
('15','15'),
('16','16'),
('17','17'),
('18','18'),
('19','19'),
('20','20'),
('21','21'),
('22','22'),
('23','23'),
('24','24'),
('25','25'),
('26','26'),
('27','27'),
('28','28'),
('29','29'),
('30','30'),
('31','31'),
('32','32'),
('33','33'),
('34','34'),
('35','35'),
('36','36'),
('37','37'),
('38','38'),
('39','39'),
('40','40'),
('41','41'),
('42','42'),
('43','43'),
('44','44'),
('45','45'),
('46','46'),
('47','47'),
('48','48'),
('49','49'),
('50','50'),
('51','51'),
('52','52'),
('53','53'),
('54','54'),
('55','55'),
('56','56'),
('57','57'),
('58','58'),
('59','59'),
('60','60'),
('61','61'),
('62','62'),
('63','63'),
('64','64'),
('65','65'),
('66','66'),
('67','67'),
('68','68'),
('69','69'),
('70','70'),
('71','71'),
('72','72'),
('73','73'),
('74','74'),
('75','75'),
('76','76'),
('77','77'),
('78','78'),
('79','79'),
('80','80'),
('81','81'),
('82','82'),
('83','83'),
('84','84'),
('85','85'),
('86','86'),
('87','87'),
('88','88'),
('89','89'),
('90','90'),
('91','91'),
('92','92'),
('93','93'),
('94','94'),
('95','95'),
('96','96'),
('97','97'),
('98','98'),
('99','99'),
('100','100'); 


INSERT INTO `photos` VALUES ('1','1','Quia omnis est facilis fugiat. Dolores totam numquam nulla tempore necessitatibus. Velit iste et consequatur in voluptas quia cupiditate. Ut voluptas excepturi porro pariatur quia.','1979-04-03 21:19:11'),
('2','2','Facilis eaque numquam rerum consequuntur. Vero eos sed nisi magni autem. Minima atque et velit veniam id eius. Et dolor nihil illum distinctio dignissimos.','2008-11-28 00:48:28'),
('3','3','Sed saepe dolorem culpa illum. Sed quisquam est quod. Ea reprehenderit molestiae quo beatae totam architecto id. Officiis modi ullam et vero fugiat reprehenderit amet dolores. Quo dolor qui aliquid dolore ea nisi adipisci rem.','1979-04-07 16:56:43'),
('4','4','Laudantium quis ea officiis repellendus eligendi. Eveniet modi repellendus aliquam id. Facilis accusantium praesentium est mollitia aut est dolorem.','1980-01-28 15:08:33'),
('5','5','Et reprehenderit ut quis. Provident quia voluptates cumque consequatur quis. Esse ea qui quia dicta. Praesentium illum sit nobis est.','2015-07-08 11:19:54'),
('6','6','Praesentium sunt est impedit tenetur at ipsa quisquam. Rem sapiente quia optio illo quia autem. Voluptatem sapiente voluptas eius debitis. Delectus sit rerum quia voluptas.','1989-08-22 12:49:52'),
('7','7','Quidem nesciunt consequatur recusandae esse deserunt. Vel est omnis iste. Dolores sed ad quam dolorem sunt. Quia ut quo fugiat optio rem voluptate.','2001-03-22 15:12:06'),
('8','8','Est velit voluptatem et laborum. Vero reiciendis tenetur iusto ullam cupiditate fugit. Dolorum quaerat libero provident sit fuga expedita. Qui impedit molestiae unde aut fugiat.','1985-06-02 21:57:06'),
('9','9','Quisquam quisquam ipsa dolor soluta. Sapiente provident excepturi est dolores pariatur vero. Accusamus libero id nihil labore saepe at sit eum.','2016-10-25 12:46:37'),
('10','10','Ut commodi optio voluptatem commodi molestiae dolor. Aut odio assumenda autem laborum ea. In omnis quia aliquam totam et.','1984-03-30 22:38:42'),
('11','11','Eveniet nobis voluptatem sunt. Quo ipsa distinctio earum reiciendis. Optio totam omnis explicabo repudiandae dolore. Vel iste vero distinctio corporis maiores dolorem.','1979-03-29 20:22:32'),
('12','12','Eveniet odit sunt laborum ut dignissimos aspernatur sint. Explicabo cupiditate quis vitae possimus voluptatibus. Soluta ut pariatur recusandae voluptatem eum qui dolor.','1991-10-18 14:50:02'),
('13','13','Ratione expedita magnam minus sed quibusdam ducimus. Et quia sapiente quam unde molestiae cupiditate veniam molestiae. Ut veniam et voluptatem nulla.','1984-02-20 18:37:12'),
('14','14','Id eligendi earum modi et. Quae itaque et in magni. Porro maxime fugiat et. Ipsa quibusdam ab laboriosam possimus dolore et dolore.','1986-09-17 05:34:31'),
('15','15','Aperiam commodi qui consequatur voluptatem ea consectetur. Ducimus deleniti et ratione unde est inventore. Et hic omnis quod dignissimos sint enim laudantium labore. Et eos provident odit voluptatem quod.','1986-03-13 19:31:56'),
('16','16','Veritatis excepturi suscipit aliquid commodi at nam illum. Omnis et sed at non et. Omnis voluptatem et officia nobis voluptas perspiciatis.','2005-05-23 09:32:58'),
('17','17','Amet sed tempore non nihil. Quidem amet voluptatem accusantium quia enim dicta veritatis. Veniam quam magnam minus facilis perferendis consequatur ullam. Ipsum reprehenderit voluptatem et omnis.','2007-02-25 00:48:54'),
('18','18','Nemo repellat atque exercitationem sunt non rerum. Aliquid corrupti enim labore omnis ut totam. Et optio ducimus dolorum velit debitis reiciendis neque. Dolor necessitatibus unde recusandae nisi optio repellendus error architecto.','2019-08-19 18:05:09'),
('19','19','Dolor sit ea voluptas ut quia laudantium. Placeat dolor voluptas cumque quo quia.','1995-07-05 12:50:24'),
('20','20','Aut nesciunt aut odit commodi non. Fuga sunt unde consequuntur natus iste dignissimos. Magni rerum provident aliquid laboriosam.','1997-09-02 11:38:19'),
('21','21','Odio repellendus aut asperiores. Itaque placeat et ducimus iure. Laboriosam repellendus dolores et sed quae voluptate asperiores. Ea est autem consequuntur neque nulla qui. Minus nulla consectetur impedit aut beatae voluptatem eum.','2007-12-21 23:35:47'),
('22','22','Possimus culpa vero et et sed at nam. Possimus in odio ipsam repellendus tempore quas. In impedit repellendus inventore.','2018-01-02 02:37:26'),
('23','23','Ipsam laudantium neque fugiat nobis inventore dolorem pariatur est. Tempora voluptatem deserunt minus modi esse nobis maxime. Libero accusamus illo nihil et est similique error quibusdam.','1978-10-22 15:12:31'),
('24','24','Qui corrupti ea libero dolorem non quia similique accusamus. Et quidem incidunt voluptates repudiandae necessitatibus expedita. Culpa incidunt eius velit error voluptatem. Ut iste velit laborum. Nemo iste nemo et quod nihil enim sapiente.','1970-08-16 13:10:43'),
('25','25','Voluptates nisi ea odio hic repellat quia tempora in. Quo ut voluptas repellendus iusto aut ipsa possimus.','1972-12-24 11:51:33'),
('26','26','Perferendis sit reprehenderit excepturi exercitationem. Et blanditiis placeat quos. Aut voluptatum consectetur sit iste facilis delectus excepturi eos. Facilis totam aut quod distinctio velit aspernatur eaque.','1973-04-23 12:24:50'),
('27','27','Voluptatem et hic eum quam qui. Provident recusandae officiis aliquam enim tempore.','2001-06-03 03:39:51'),
('28','28','Dolor quo et sunt rerum reiciendis est. Rerum at nisi nulla numquam corporis. Vero tempora perferendis voluptas quia quos.','2009-04-04 18:38:52'),
('29','29','Quam beatae qui fuga deleniti explicabo est recusandae. Dolorem nam delectus fuga porro facere. Et doloribus tempora impedit voluptas.','1978-11-09 16:33:37'),
('30','30','Officia quas voluptatem impedit unde quasi. Repellendus eligendi nisi nostrum omnis est. Nisi reiciendis et non aut cum et.','1979-07-27 23:03:05'),
('31','31','Omnis non veritatis tenetur qui. Reprehenderit sint numquam cupiditate. In aliquam est recusandae molestias. Qui mollitia earum non consequatur est sint modi. Odit sit quam et.','1983-10-14 01:12:17'),
('32','32','Eum culpa maiores sapiente velit eum sequi. Id nulla et non dolor. Expedita saepe qui vel assumenda.','2011-12-24 12:37:36'),
('33','33','Consequatur rem eveniet voluptas optio qui explicabo. Aliquam fuga neque enim molestias quidem earum autem ipsum. Laboriosam facere ea aliquam quod.','1982-08-18 06:46:15'),
('34','34','Quaerat vel nisi iusto reprehenderit minus. Aspernatur rerum eligendi expedita accusantium est. Et quos iure voluptates voluptas est. Eligendi aperiam quos quibusdam ea.','1992-04-10 10:12:45'),
('35','35','Nisi impedit perspiciatis aliquam voluptatum at ratione. Voluptates ea dolores et neque sit modi sed. Nihil maxime quisquam mollitia tempore. Facilis iusto necessitatibus unde voluptas.','2019-02-20 08:21:37'),
('36','36','Magni minima beatae molestiae assumenda est. Sit blanditiis possimus rerum veniam et illum dolor.','1998-05-14 18:50:29'),
('37','37','Sint quos et tempore adipisci fuga. Exercitationem optio et sunt consequatur natus dignissimos. Aut harum et ut. Eveniet voluptates enim sit. Natus qui sequi quisquam quia atque ut quis natus.','2000-03-05 20:00:50'),
('38','38','Modi harum aperiam libero. Voluptas aut optio quos soluta eos dolorem voluptatem. Voluptatem ut doloribus dolore molestiae et.','2004-03-28 16:28:41'),
('39','39','Voluptatem est est facilis. Reprehenderit repellendus dolores vero explicabo eum officia autem. Quos est enim omnis voluptas quis.','1984-12-06 22:44:50'),
('40','40','Enim est impedit est eos expedita. Accusantium eius commodi quia. Quis assumenda ipsum nam dignissimos voluptate molestias officiis optio.','2011-02-04 09:36:18'),
('41','41','Eum a adipisci est sunt a perspiciatis. Praesentium ut qui veniam recusandae laboriosam delectus eos iure. Eum aut quaerat temporibus consequuntur voluptates delectus reprehenderit. Quos omnis placeat voluptatem maiores.','1987-09-29 15:58:28'),
('42','42','Voluptatem officia optio blanditiis numquam. Porro officiis officiis repellat. Cupiditate adipisci cum dolorum assumenda laborum dolore tenetur. Consectetur molestias itaque velit odio.','1992-01-15 06:33:04'),
('43','43','Sed beatae sint et possimus. Debitis laborum dolores porro ipsum qui doloremque eligendi dolore. Quia vel quis eius laboriosam.','1973-04-05 18:14:55'),
('44','44','Quos rerum minus dolores laboriosam qui quos velit. Sed aspernatur magnam in earum. Sed sit repudiandae odit assumenda ut sed nam id.','1998-06-23 22:28:29'),
('45','45','Praesentium quo quisquam enim error corporis repellendus debitis et. Placeat sit cupiditate placeat. Deserunt ut voluptas illo quia tempora at.','2006-09-29 07:09:39'),
('46','46','Voluptas ut aperiam laudantium reiciendis. Et reprehenderit ea quas nesciunt. Officiis qui accusamus saepe eos. Dolorem nobis est sint non veniam eos iusto. Accusantium natus numquam ratione.','1992-11-30 00:22:13'),
('47','47','Aperiam quasi nisi eos modi consequatur. Saepe placeat molestias maiores ut illum voluptates hic. Nam beatae aut odio nisi et et.','2007-10-03 22:53:18'),
('48','48','Animi aut quis omnis assumenda aspernatur a aut. Facilis quis recusandae accusamus omnis. Possimus illum in neque nobis. Neque maxime consequuntur aut.','2012-10-20 13:46:30'),
('49','49','Consequatur alias fuga et eveniet. Ex voluptas atque quo sed. Qui est voluptatem provident. Quis quia iste rem.','2012-03-26 00:42:54'),
('50','50','Dicta aut voluptatem molestiae quisquam. Omnis eos voluptas ipsa. Quia quo voluptate nemo alias voluptas et.','2017-05-29 20:30:16'),
('51','51','Est sunt officia non et qui pariatur ducimus. Tenetur sit incidunt pariatur aut.','2005-03-11 14:52:46'),
('52','52','Et suscipit tempore culpa. Quia quos nesciunt in officia illum qui. Velit repellat sunt eos soluta eum voluptas earum.','1985-11-21 13:08:09'),
('53','53','Molestiae similique et sit quia et est. Enim est dolore modi alias harum esse quo quis. Quae omnis sint cum asperiores. Perferendis reiciendis illum nihil nobis.','2016-12-29 09:32:46'),
('54','54','Eius alias minus nostrum sit illo. Ipsum laboriosam est dolor impedit ab. Ea ipsa est facere autem eos natus alias rem. Iusto temporibus qui voluptatem et eaque est et.','1985-07-13 16:57:25'),
('55','55','Nemo omnis eaque totam et eos voluptatem amet. Et fugit fuga alias saepe aut et. Cum recusandae eligendi rerum quae consectetur fuga reiciendis. Voluptas consequatur ratione inventore est.','1994-10-06 05:09:54'),
('56','56','Provident cumque repellendus vel voluptatem. Id et similique aliquid ab aperiam. Nostrum quaerat est sit aliquam aperiam blanditiis quibusdam. Sed hic sed in quod nihil et.','2002-01-21 14:35:33'),
('57','57','Consequatur amet doloribus est ullam tempora libero. Est maxime ut expedita assumenda. Esse est quia et saepe sunt.','1989-03-16 04:16:21'),
('58','58','Et inventore sit dolores quis ea labore. Ullam quaerat quis deleniti eum repellat. Aut dicta modi voluptas voluptas. Sed molestiae molestiae dicta.','2005-08-15 08:05:22'),
('59','59','Vel tempore laudantium error assumenda facere vero. Dolorem expedita et rerum molestiae et aspernatur rem. Iure pariatur nihil a assumenda fuga accusamus. Iure ad cumque natus aut quis aut.','1978-04-09 23:23:06'),
('60','60','Quis qui similique facere id voluptas doloremque. Aut eum sunt adipisci. Dolor perferendis eaque reiciendis nemo nostrum qui.','1986-06-11 23:41:40'),
('61','61','Officia delectus aut autem velit. Et laboriosam consequatur quisquam qui voluptatem quasi. Nisi velit id totam aut aut. Molestias culpa fugiat odio in.','1981-08-02 23:43:26'),
('62','62','Esse quod nesciunt quod reprehenderit. Et temporibus molestias asperiores quis. Ipsum rerum ullam velit aliquam sed.','2020-06-08 10:48:13'),
('63','63','Qui aliquid fugit architecto nihil vel. Doloremque modi quo deserunt non quidem maxime.','1971-07-02 08:46:17'),
('64','64','Quia porro voluptatem praesentium ea dicta. Tempore quo temporibus porro delectus.','1983-10-29 08:22:42'),
('65','65','Deserunt consequatur voluptatem minus voluptatum qui placeat consequatur laboriosam. Ea fugit qui sed. Ea debitis culpa quia expedita eum. Voluptate sapiente sint id cum officia eveniet quam dolores.','1974-10-30 12:13:16'),
('66','66','Deserunt nam est sapiente magnam quia. Tempora et quis itaque fugiat pariatur ut. Omnis sed aut velit laudantium tenetur facilis similique. Sapiente vel ullam non inventore iste.','1997-02-14 10:50:25'),
('67','67','Accusamus eaque ullam et et accusamus iure eum maiores. Sit laboriosam qui dolores fugiat nisi. Aliquam consequatur omnis temporibus quia ipsam ipsum.','1970-07-06 22:39:36'),
('68','68','Placeat dolorum beatae mollitia a neque dolor eum. Doloremque dolor eum pariatur ut dolor. Optio quam accusamus et vel rerum facere.','2018-12-03 16:45:38'),
('69','69','Ea et aut nobis totam. Suscipit dolorum aut dolorem est.','1981-04-12 13:51:39'),
('70','70','Blanditiis omnis sunt porro suscipit. Cupiditate tenetur nostrum explicabo. Quidem eum voluptas et voluptate dolorem eaque architecto.','2017-05-21 10:48:08'),
('71','71','Quam et autem totam eum amet. Fuga reprehenderit enim ullam amet aliquam. Quo sequi rerum non sit sint iste. Doloremque incidunt blanditiis culpa. Voluptatem minus libero quia unde quos.','1976-08-29 19:32:59'),
('72','72','Ea et et dolorem corrupti. Recusandae laborum exercitationem officia blanditiis et autem. Aliquid dolores doloribus neque consequuntur voluptatem quia reprehenderit.','2007-02-09 03:39:36'),
('73','73','Aut excepturi sit saepe cumque voluptatem eos. Voluptatibus enim et atque quas sint. In voluptates vel cumque minus ut.','2017-11-14 16:21:13'),
('74','74','Et in soluta ex necessitatibus dolores odit. Occaecati temporibus eum recusandae provident dolorem dolores. Qui deleniti illo sequi quo non quasi maiores.','1988-11-21 20:47:19'),
('75','75','Ut aliquid consectetur ipsum rerum voluptatem nulla. Doloribus est voluptatem dolores quo. Expedita aut expedita asperiores explicabo distinctio a. Enim omnis ut rerum aspernatur libero eaque.','2019-08-31 15:52:16'),
('76','76','Rerum sit quam qui itaque repellendus vero culpa. Ut ut ipsum sit qui ea sequi consequatur saepe. Ullam ut hic et officia et nam eius velit. Nulla rerum illum quidem amet reiciendis.','1982-04-14 13:23:58'),
('77','77','Consequatur adipisci quae dolores veniam. Sed quasi nobis eaque excepturi. Corporis voluptatibus ad non consequatur vel praesentium voluptatem.','2016-01-08 21:38:55'),
('78','78','Eveniet nobis veritatis rem aut veniam dicta maxime. Dolores placeat quo ad quis dignissimos eveniet molestiae et. Laboriosam nesciunt eaque ipsam omnis laudantium et incidunt est. Enim officiis molestiae et nihil a.','2004-08-27 02:42:15'),
('79','79','Iste omnis omnis nostrum at. Laborum et dignissimos quis omnis. In molestias qui ad nobis veniam modi est. Qui reiciendis similique dolores eos omnis at distinctio.','1983-10-07 12:18:13'),
('80','80','Necessitatibus eaque aliquam amet voluptas. Ut aperiam sit ducimus est sequi. Dolorem ducimus nihil dolore totam in labore commodi.','2015-01-27 09:45:04'),
('81','81','In autem dolor nulla qui. Doloremque et voluptatem vel dignissimos fugiat dolor. Veniam omnis dicta officia distinctio.','2005-12-31 21:41:39'),
('82','82','Voluptatem voluptatibus fuga excepturi ut veritatis. Qui veniam exercitationem illum sint doloremque. Et animi architecto at. Voluptate voluptas doloribus exercitationem.','1984-01-11 21:13:24'),
('83','83','Et ut et amet molestias corporis. Voluptatum accusantium vitae sed et aut dolores. Placeat dolor aut nisi nobis non nam culpa. Voluptas repellat doloribus quisquam dolor pariatur molestias.','1978-01-06 00:24:45'),
('84','84','Et consectetur aut sed et recusandae. Autem alias dolorum quia rem voluptatem et. Debitis hic magnam ratione consequatur corporis sint. Commodi et itaque ad possimus.','2007-07-28 10:55:58'),
('85','85','Facere aliquam quisquam sint debitis laboriosam iusto totam. Nihil quo magni numquam eos. Facere quos repellendus qui ut tempore perspiciatis velit.','1995-03-03 14:28:29'),
('86','86','Ea et consequatur velit excepturi. Optio fuga vero rerum accusantium illum temporibus. Et eveniet non magnam laboriosam quam dolorem.','1995-11-15 17:28:30'),
('87','87','Et velit dolorem tenetur excepturi recusandae saepe dolore. Pariatur non sapiente quae voluptas id.','2004-06-29 15:49:16'),
('88','88','In aut et iure aut repudiandae. Sit accusantium aut animi similique labore quidem. Dolores porro temporibus ea saepe aut numquam consequatur. Non fuga rerum blanditiis cumque quisquam molestiae sint sint.','1996-02-19 10:39:43'),
('89','89','Excepturi laboriosam dolores aliquam. Magni rerum quod explicabo quas voluptates ratione.','1988-01-29 09:23:50'),
('90','90','Sequi magni quae minus excepturi illum dicta. Unde eos quis magni recusandae ea ipsam. Perferendis dolorem aut ab consequatur.','1976-03-24 03:35:12'),
('91','91','In ex qui doloribus at. Quaerat consectetur impedit possimus et ea nobis nostrum. Beatae nemo ut dolores quas aut nihil.','1986-05-28 18:22:20'),
('92','92','Porro beatae sequi veniam possimus odio ut sint aut. Ut cumque voluptate rerum rerum nesciunt numquam. Possimus quia quo unde.','1995-01-03 06:18:23'),
('93','93','Qui totam suscipit omnis. Rerum voluptatem optio labore eos cupiditate ex qui nihil. Nobis alias aliquam aut voluptas. Atque et ut magni culpa.','2002-07-14 17:25:16'),
('94','94','Suscipit corrupti et nesciunt aliquam explicabo voluptatem. Nemo id eius vel. Natus voluptatum dolor qui et delectus aliquam suscipit.','1970-07-31 01:58:17'),
('95','95','In et temporibus quis ad pariatur sed adipisci repellendus. Ab laborum reprehenderit magni vitae architecto. Qui beatae eum laudantium incidunt similique voluptatibus quia. Laudantium aspernatur eum dolore magnam mollitia. Vel tenetur rerum eos.','2009-03-07 00:27:38'),
('96','96','Dolores blanditiis voluptas ipsam molestiae illum nesciunt aut quam. Aut et sunt enim laborum culpa aut. Quidem ut voluptate sunt quod quo.','2000-12-04 08:24:36'),
('97','97','Veritatis ex ut porro hic quo. Minus sint laboriosam totam deleniti veniam. Dolore impedit numquam et enim. Voluptatum et excepturi ad aut odio non.','1977-02-05 15:39:45'),
('98','98','Atque nihil non qui officia. Aperiam enim temporibus perspiciatis quia sunt accusamus aut.','2016-11-24 23:54:27'),
('99','99','Provident hic tempore illum doloribus. Voluptas repellendus qui eos est sit. Praesentium in officia similique repellat qui repudiandae deserunt. Nam voluptatem cum nemo rerum et.','2008-03-25 20:22:36'),
('100','100','Perferendis facilis error accusantium sunt aut cum. Sed aperiam quia quo et adipisci exercitationem placeat. Error iste quia animi consequatur.','1972-12-16 10:48:37'); 



INSERT INTO `photos_likes` VALUES ('1','1'),
('2','2'),
('3','3'),
('4','4'),
('5','5'),
('6','6'),
('7','7'),
('8','8'),
('9','9'),
('10','10'),
('11','11'),
('12','12'),
('13','13'),
('14','14'),
('15','15'),
('16','16'),
('17','17'),
('18','18'),
('19','19'),
('20','20'),
('21','21'),
('22','22'),
('23','23'),
('24','24'),
('25','25'),
('26','26'),
('27','27'),
('28','28'),
('29','29'),
('30','30'),
('31','31'),
('32','32'),
('33','33'),
('34','34'),
('35','35'),
('36','36'),
('37','37'),
('38','38'),
('39','39'),
('40','40'),
('41','41'),
('42','42'),
('43','43'),
('44','44'),
('45','45'),
('46','46'),
('47','47'),
('48','48'),
('49','49'),
('50','50'),
('51','51'),
('52','52'),
('53','53'),
('54','54'),
('55','55'),
('56','56'),
('57','57'),
('58','58'),
('59','59'),
('60','60'),
('61','61'),
('62','62'),
('63','63'),
('64','64'),
('65','65'),
('66','66'),
('67','67'),
('68','68'),
('69','69'),
('70','70'),
('71','71'),
('72','72'),
('73','73'),
('74','74'),
('75','75'),
('76','76'),
('77','77'),
('78','78'),
('79','79'),
('80','80'),
('81','81'),
('82','82'),
('83','83'),
('84','84'),
('85','85'),
('86','86'),
('87','87'),
('88','88'),
('89','89'),
('90','90'),
('91','91'),
('92','92'),
('93','93'),
('94','94'),
('95','95'),
('96','96'),
('97','97'),
('98','98'),
('99','99'),
('100','100'); 


INSERT INTO `messages` VALUES ('1','1','1','Natus ab eius magnam aut rem. Voluptas maiores inventore doloribus ut. In neque nam repudiandae non optio consequuntur quo aspernatur. Nulla tenetur quaerat molestias aliquid a quos provident et.','0','2016-12-31 10:21:19'),
('2','2','2','Aut sequi omnis in accusantium laudantium veritatis. Quo labore natus adipisci mollitia et. Labore eveniet repellendus quia. Eveniet laudantium minus non.','1','1984-04-08 22:30:55'),
('3','3','3','Tenetur et est velit veniam sit. Occaecati iste ipsum molestiae molestiae. Ut ut voluptatem vitae voluptate quaerat veritatis. Voluptate est expedita non consectetur delectus magnam quisquam.','1','1993-03-29 19:54:36'),
('4','4','4','Corrupti alias reprehenderit assumenda animi numquam distinctio a. Culpa autem sunt delectus veniam ut. Corrupti omnis ea possimus occaecati nihil voluptatibus numquam explicabo. Nisi consequatur quae adipisci voluptatem aperiam.','1','1992-09-04 21:41:53'),
('5','5','5','Quo et aut velit est suscipit dolorem voluptas. Aspernatur ut adipisci dicta. Reprehenderit reiciendis est quasi tempora molestiae ut quod. Enim blanditiis quisquam rem provident. Qui aut inventore sit deleniti omnis ratione.','1','1988-03-26 04:17:04'),
('6','6','6','Et in sunt sit at. Fuga a totam vero. Veniam blanditiis aliquid sit exercitationem neque commodi et distinctio. Magni aut culpa nesciunt corrupti deleniti.','0','2008-07-13 15:54:21'),
('7','7','7','Omnis numquam officia fugiat numquam. Similique soluta numquam nesciunt totam ipsum ratione sed. Et aspernatur voluptatum soluta necessitatibus.','0','1970-10-07 04:47:47'),
('8','8','8','Itaque magni reprehenderit maxime quod omnis pariatur. Corporis voluptatem nulla ex quia consectetur delectus aut. Eaque tenetur neque quia magni aut. Consequatur quia ex omnis sit est et autem aut.','0','1999-02-19 12:00:34'),
('9','9','9','Amet laudantium eveniet eum blanditiis velit. Est consectetur ut non accusantium. Et voluptate placeat nam quo fugit vero nam.','0','1988-03-23 03:24:23'),
('10','10','10','Ducimus eaque temporibus vel sunt quo fugiat. Saepe ut atque rerum vitae eum quaerat est. Molestias quae sed facilis quasi sed voluptate libero voluptatibus. Qui nemo vero corporis voluptatem velit eveniet.','0','2001-04-20 02:08:32'),
('11','11','11','Ad consequatur optio repellat in sint eaque enim. Natus ut vero ut at optio harum ipsum.','1','2009-04-25 15:49:38'),
('12','12','12','Eos id ut quis. Enim autem voluptatem quia deleniti culpa dolore et. Qui soluta dolore debitis eius sed. Incidunt recusandae quia eum perspiciatis accusamus quia.','1','1987-08-01 05:47:57'),
('13','13','13','Sequi est aspernatur ullam tempora dolorum. Sed sunt consequatur et hic velit culpa. Eaque eum itaque sint iste quo.','1','1972-03-08 16:35:52'),
('14','14','14','Ex dolorem dolorem error sed quod non. Ea minima reprehenderit repellat quidem sint. Libero adipisci distinctio ea nemo consequatur adipisci. Et recusandae vero deleniti culpa sint.','0','2017-05-11 06:21:09'),
('15','15','15','Alias debitis dolor et rem. Beatae aliquid et consequatur quis alias nihil quo. Quaerat aliquam voluptas et quaerat deserunt omnis. Accusamus cum quam accusantium dolorem.','0','2017-09-25 17:00:51'),
('16','16','16','Nihil sed voluptatem sed veritatis quidem assumenda blanditiis. Optio a error mollitia eveniet in.','0','2001-03-22 03:03:46'),
('17','17','17','Quos eos nostrum laborum similique omnis. Quo dignissimos tempora sit. Odit et fugiat ut illo.','1','2012-10-16 09:28:50'),
('18','18','18','Numquam aliquid voluptatem expedita error esse voluptatem et. Unde ut sapiente non nihil hic sunt. Veritatis rem repellendus eveniet consequatur.','1','1994-08-05 01:19:57'),
('19','19','19','Est laboriosam ut voluptatem. Tenetur eos et ea enim consequatur. At et aliquid omnis alias quam enim voluptas et.','0','1974-01-31 10:52:34'),
('20','20','20','Omnis praesentium optio accusamus accusamus eos est at accusantium. Et natus totam non fugiat rerum. Dolorem labore porro eaque ut deserunt eveniet. Ratione tenetur nostrum accusamus dolor.','1','2008-08-08 09:12:05'),
('21','21','21','Qui consequuntur laborum dolor dignissimos dolor omnis. Quae magnam ut quis dolorem eos pariatur voluptates. Error consectetur vel nihil harum.','0','1983-12-09 20:13:01'),
('22','22','22','Sed et nesciunt enim qui perferendis. Sint maiores qui porro sequi consequuntur quaerat. Facilis assumenda praesentium deleniti occaecati hic recusandae. Sint et molestiae ea eum quis facilis aliquid.','0','2003-03-16 06:09:55'),
('23','23','23','Necessitatibus aut dolores exercitationem aut aut sed. Et tempore voluptatem omnis similique similique nisi. Libero consequatur distinctio id magnam itaque eaque enim nihil.','0','2005-04-21 14:45:09'),
('24','24','24','Tenetur libero delectus porro totam est labore voluptas eius. Illum vero et perspiciatis distinctio.','1','2007-04-06 04:23:06'),
('25','25','25','Quaerat fugiat iste laboriosam dolor. At et fugiat fugiat soluta beatae recusandae voluptatem. Dolorem velit cupiditate ut vero itaque ducimus.','1','1987-06-16 13:41:01'),
('26','26','26','Esse repellat harum facere nemo vel. Aut perspiciatis hic et voluptate aperiam quia molestias. Ut fugiat occaecati expedita tempora officia debitis laudantium. Magnam exercitationem commodi aperiam perferendis veniam sed.','0','2011-01-03 07:37:34'),
('27','27','27','Voluptas eos rerum sapiente nostrum. Quo sequi molestias impedit hic.','0','1971-09-12 04:17:09'),
('28','28','28','Id voluptatibus facilis sed illo eligendi eveniet neque sint. Cumque libero natus qui ut animi eum. Omnis quis ullam dignissimos architecto. Optio eos iste ducimus quia illo aut in. Et magnam corrupti fuga voluptates incidunt.','1','1985-05-10 22:51:30'),
('29','29','29','Amet sunt molestiae harum sint. Quo quis architecto sunt rerum sunt. Et repellat hic nam tempora sed.','0','1975-03-13 13:35:06'),
('30','30','30','Libero adipisci ut tenetur eum est velit. Eligendi voluptatum tempore corrupti. Nisi ut voluptatum atque aspernatur aperiam alias. Sit quis minima laboriosam natus.','0','2007-12-02 13:18:56'),
('31','31','31','Sint reprehenderit est fugiat excepturi. Assumenda quia doloremque voluptas sit accusamus. Suscipit exercitationem minima quas. Id doloribus sit quia dolore autem sit illum dolorem.','0','2008-07-06 15:46:37'),
('32','32','32','Officia veritatis cumque nostrum quia et laudantium ipsum. Et quis quia similique dolor. Et assumenda quis nihil. Voluptates quisquam nam quo praesentium.','1','1980-10-18 22:57:47'),
('33','33','33','Voluptatibus vel et pariatur alias. Placeat est tempora et cupiditate ut eius. Sunt sit voluptatem necessitatibus. Ad excepturi vel aliquam placeat inventore.','1','2013-10-25 03:15:07'),
('34','34','34','Expedita est ut aut dolor. Architecto deleniti aut consequatur et. Hic molestiae nostrum et cum cumque maxime eum.','0','1993-11-23 06:28:36'),
('35','35','35','Est unde sequi tenetur et provident voluptas. Eaque aut non commodi perferendis. Laudantium necessitatibus doloribus rem ipsam. Explicabo ut numquam iusto fugit.','1','1981-07-18 21:58:59'),
('36','36','36','Vitae enim sint blanditiis quam vel eaque. Aut fugiat nesciunt nisi natus magni maxime nesciunt. Sit dolores cupiditate rerum adipisci quas.','0','2004-02-09 16:16:57'),
('37','37','37','Eius eius porro quaerat nostrum in minima. Placeat fugiat quos occaecati et.','1','1991-02-19 08:10:22'),
('38','38','38','In assumenda eligendi autem ut voluptatem repudiandae. Aut culpa eveniet dolores mollitia. Est rerum nisi quidem illo neque architecto repudiandae. Incidunt dolore cum voluptas dolores vel. Aut eos consequatur et ipsa quis.','0','1996-03-22 15:24:04'),
('39','39','39','Veritatis et quas rerum doloribus fuga et assumenda. Ipsam at sed culpa et reprehenderit non rem. Pariatur autem qui repudiandae blanditiis sed ea. Aut commodi in commodi laudantium eum cupiditate soluta.','1','1981-01-29 08:33:21'),
('40','40','40','Pariatur est et est hic porro earum molestiae repellat. Ea in quasi eius incidunt. Sed sit sint ut nisi sit et facilis.','1','2010-07-26 11:43:49'),
('41','41','41','Quo saepe magni est voluptatibus corrupti eos. Fugit cupiditate qui voluptas recusandae unde ut animi. Ut et soluta in aut.','0','1972-10-18 13:12:49'),
('42','42','42','Enim dolores qui odit sapiente. Expedita consequatur pariatur omnis aliquid. Commodi sapiente occaecati tempore qui corrupti aut.','0','1970-06-06 08:19:25'),
('43','43','43','Et dolore qui sit explicabo vel et. Deleniti et qui quia ullam. Nulla in aliquid repellat sit illo. Voluptatem voluptate maxime culpa velit et quod.','0','1991-02-13 14:26:07'),
('44','44','44','Cupiditate asperiores quasi facere laudantium. Ipsam optio ratione eius occaecati minima saepe. Nemo magnam aspernatur dolores voluptatem accusamus voluptatibus. Voluptatum minima possimus accusamus.','1','1992-03-07 08:29:32'),
('45','45','45','Aut commodi architecto iste doloribus. Laboriosam aut est amet quasi dolorem cumque. Unde est laudantium laudantium ipsam et dicta perferendis.','0','1991-05-14 12:11:37'),
('46','46','46','Quas harum ducimus laudantium doloremque et iusto nostrum corporis. Veritatis nam ex aut voluptatum impedit. Est et quibusdam dolores quidem fugit. Exercitationem eum rerum exercitationem.','1','1973-06-07 10:51:03'),
('47','47','47','Atque quia est explicabo aliquam. Veritatis eum sapiente repudiandae quae. Ipsam autem sit quia numquam earum molestias distinctio tempora. Fuga excepturi voluptatem suscipit omnis sit mollitia.','0','2011-09-09 03:47:00'),
('48','48','48','Dolorem magnam et eius sed. Nesciunt ipsum molestiae sunt vel. Est sunt ea cupiditate aut a.','0','1990-11-18 16:57:07'),
('49','49','49','Fugit aut veritatis occaecati molestiae quidem autem. Saepe ad et unde expedita sit aut. Laboriosam dolor adipisci in fuga aliquam accusantium a. Molestiae sit voluptatem iure eveniet ex occaecati. Officiis quas voluptatem blanditiis quo sed et tempore.','0','2020-05-14 06:23:38'),
('50','50','50','Illum ullam ea excepturi similique illo molestiae. Quis fugiat et deserunt distinctio. Illo laborum doloremque nam non id ipsam. Aut autem debitis quaerat aliquid sunt.','0','1983-06-25 15:28:17'),
('51','51','51','Tempora non sed omnis. Occaecati nisi voluptate asperiores nobis.','1','1999-05-21 08:51:50'),
('52','52','52','Non commodi autem non ut quaerat eius nesciunt sed. Incidunt cum fugit debitis impedit consequatur doloribus. Ipsam laboriosam est molestias vitae.','0','2000-08-15 18:53:47'),
('53','53','53','Vero voluptates quia eum sed dolorem omnis aut ipsam. Qui et in est ipsam accusantium ullam. Molestias et excepturi laboriosam ea quis illum nihil impedit. Aut debitis ex in in.','1','2008-06-08 07:35:16'),
('54','54','54','Cupiditate vero consequatur non dolores earum consequuntur. Natus doloribus veritatis odio laborum labore. Amet at aut eligendi est tenetur incidunt. Et autem quia iure.','1','1985-12-12 09:47:19'),
('55','55','55','Sunt et adipisci corporis. Eos amet exercitationem ut nihil ratione. Aut voluptatum aut eaque quis voluptas nesciunt voluptatem. Dolorem dolore distinctio nostrum ab culpa voluptas.','1','1986-07-06 13:17:35'),
('56','56','56','Deserunt minima blanditiis quo at vel. Inventore est minima et natus hic iusto. Dolor animi facere eum provident ipsa autem. Voluptatem dolor ut saepe voluptatem facilis nemo.','0','2007-01-03 17:24:09'),
('57','57','57','Illo qui eos omnis mollitia. Praesentium dolorum minus et. Ex asperiores qui iusto.','0','2015-09-07 14:59:58'),
('58','58','58','Ipsam porro et est alias impedit. Doloribus numquam voluptate at quaerat. Excepturi similique qui a sunt ut. Laborum unde enim enim qui.','1','1976-06-16 04:41:41'),
('59','59','59','Illo perspiciatis neque accusamus sequi autem voluptas. Placeat commodi sint in accusamus. Ducimus at alias veniam illo quasi alias labore totam. Aut repudiandae dolore similique id repudiandae sint sed culpa.','0','1982-04-28 07:47:19'),
('60','60','60','Esse rerum possimus nostrum minus voluptatem. Impedit adipisci consectetur aut magni sapiente optio. Ducimus ut repellendus reiciendis et consequatur.','1','2016-08-22 04:39:28'),
('61','61','61','Dignissimos sint aperiam ut commodi. Totam ut vero molestias eligendi itaque et vel.','1','1975-11-27 03:43:04'),
('62','62','62','Ad quaerat et sint illo velit. Ut explicabo pariatur sunt quia et. Quia autem perferendis ut ut perspiciatis dolore ea.','0','2017-04-26 05:53:39'),
('63','63','63','Non neque aut blanditiis labore eveniet minima rerum. Sunt eos voluptatem voluptatum rerum recusandae aliquid doloremque neque. Voluptatem tempora error totam quia deserunt possimus. Ipsum minima neque nihil.','0','2006-10-01 06:35:40'),
('64','64','64','Fugiat sint quam omnis sint consectetur quod incidunt. Quae autem quidem omnis adipisci. Sunt dignissimos odit sequi qui est. Quibusdam provident dolor maiores quo pariatur molestiae. Nam ab optio vitae error vel neque rerum.','1','1991-08-01 03:34:09'),
('65','65','65','Quis sit et in voluptatem. Corrupti eaque quasi non molestiae. Corrupti beatae suscipit laboriosam mollitia sed aut deserunt.','1','2001-11-21 23:42:12'),
('66','66','66','Et dolor ut adipisci quos. Nam rerum id odio delectus hic. Iusto occaecati ea ut soluta rerum. Mollitia qui dolorum natus culpa reprehenderit.','0','2019-05-17 23:26:33'),
('67','67','67','Blanditiis minus et amet non est voluptas. Rerum architecto voluptatibus quibusdam. Facilis nihil velit quisquam et.','0','1977-02-12 21:20:16'),
('68','68','68','Delectus consequatur dolores sed harum vel. Possimus debitis occaecati incidunt quaerat qui quis. Ut et reprehenderit nostrum aut facilis enim quaerat. Numquam nostrum id rem et.','0','2001-01-24 02:16:15'),
('69','69','69','At aut voluptatibus fugiat error cupiditate et aspernatur perferendis. Voluptatum esse provident eligendi et qui.','1','1975-08-09 18:41:52'),
('70','70','70','Eveniet sapiente cupiditate perferendis est. Ullam earum eveniet ut harum impedit dolorem. Recusandae nisi sit numquam temporibus corrupti veritatis sit aut.','0','1992-09-13 15:26:25'),
('71','71','71','Quos sunt porro consectetur possimus. Inventore esse necessitatibus voluptatem et aliquid.','1','1980-01-25 01:38:26'),
('72','72','72','Deleniti unde sunt eveniet nisi. Quo ut fuga quis accusamus fuga animi deserunt. Aut consequatur aut sequi dolores quidem. Molestias facere veniam delectus sint. Incidunt reiciendis repellendus eveniet deserunt voluptate consequatur aperiam.','0','1989-08-16 01:46:59'),
('73','73','73','Impedit et rerum animi harum. Distinctio sint autem hic earum officiis praesentium quia. Rerum est esse error maxime quia expedita vero.','1','2014-04-28 11:16:12'),
('74','74','74','Ea explicabo deserunt voluptatem fugiat quidem. Deserunt tempore explicabo voluptatibus tenetur nesciunt exercitationem quisquam.','0','2012-06-04 11:39:59'),
('75','75','75','Corrupti et facere omnis. Repellendus id et recusandae repudiandae. Ducimus officiis odit rerum cumque magni.','1','2008-05-22 01:24:26'),
('76','76','76','Dolorum sint omnis eius earum nam modi. Et non error consequatur esse. Perferendis distinctio excepturi consequatur qui laudantium. Asperiores et perferendis non. Nisi non voluptas aperiam quas.','0','1978-08-24 11:49:47'),
('77','77','77','Impedit mollitia inventore quia est repellat. Aut ea a id nemo libero qui. Nobis est autem sit molestias. Fuga quam amet ab nesciunt.','1','2006-08-27 08:51:05'),
('78','78','78','Nihil sed repellendus ipsa reprehenderit consequuntur quaerat non voluptas. Sed possimus quasi labore ut aut dolores. Voluptates molestiae illum maxime ut. Pariatur eveniet esse repellendus est non.','0','1991-08-18 09:11:01'),
('79','79','79','Nisi repellendus laborum eius possimus. Distinctio autem mollitia et eum. Voluptas accusamus ut ut aperiam.','1','2002-07-21 00:37:53'),
('80','80','80','Non sed doloribus facere laudantium quod. Sed quod similique harum rerum voluptates. Earum fugit nobis ut eius maiores ipsa autem.','1','1983-07-08 08:07:25'),
('81','81','81','Ut pariatur ea sit. Blanditiis qui quos est consectetur corrupti provident et neque. Autem rem nihil asperiores consequuntur delectus.','1','2006-12-05 15:49:44'),
('82','82','82','Doloremque omnis quae quis nam ex sint quia. Animi quo temporibus sit asperiores ex error minus. Rem harum corrupti in itaque.','0','1973-07-01 05:35:12'),
('83','83','83','Architecto rerum est aliquid quae. Optio est consequuntur dolorem fugit aut et aut. Nihil illum quasi ut placeat quo sunt.','0','1988-04-24 04:22:03'),
('84','84','84','Officia provident saepe perferendis quos odio doloribus. Dicta alias voluptas temporibus perspiciatis rerum aut voluptatem. Et dolores vitae velit veritatis numquam et. Est voluptas aut esse ut.','1','1973-04-10 10:08:28'),
('85','85','85','Tempore deserunt amet neque corrupti voluptas autem illum. Quisquam beatae quo odit fuga commodi voluptate aliquid. Tenetur saepe ut occaecati repudiandae vitae. Non suscipit occaecati distinctio nihil.','0','1995-04-14 14:26:57'),
('86','86','86','Rerum sapiente aliquid molestiae veritatis. Aut delectus et impedit libero harum velit dolor. Quia cumque molestiae sit esse repudiandae a saepe.','0','2014-09-03 07:10:28'),
('87','87','87','Mollitia officiis quis consectetur nesciunt tempore sunt id. Eveniet fuga et sit corporis. Dicta modi quaerat minima placeat.','1','1975-07-20 07:04:26'),
('88','88','88','Distinctio alias eius quia. Quisquam consequuntur dolorem autem blanditiis voluptatum explicabo. Vero consectetur voluptates inventore aliquam libero et libero. Natus molestiae itaque sit iste laborum.','0','2019-01-29 13:25:37'),
('89','89','89','Aperiam qui explicabo sequi est dolores possimus. Recusandae quis quia quam quo. Consectetur facere modi iure aperiam. Sint veniam repellendus pariatur sed est est.','0','2013-08-09 10:36:44'),
('90','90','90','Fuga consequatur libero maiores totam. Dolores autem eos molestias tempora. Iure mollitia qui saepe iste rerum. Dolores mollitia ipsam incidunt quis. Cupiditate quibusdam cupiditate fugit accusantium.','0','1987-05-01 08:29:14'),
('91','91','91','Sapiente omnis illo repellat voluptatem quis molestiae. Voluptatem debitis aut eveniet est aut rerum. Est quia et et est. Labore consequatur et repellendus labore.','0','1987-03-03 16:16:40'),
('92','92','92','Et iure dolorem libero facilis sunt dolores. Sed qui et accusantium molestiae omnis aliquid. Velit suscipit ratione dolores officiis quaerat consectetur. Quia ut debitis ut.','0','2019-04-08 07:06:25'),
('93','93','93','Blanditiis fuga placeat ducimus vitae est. Inventore perferendis et vel qui qui et et. Rem doloremque enim id qui consequatur hic aut.','0','1982-10-12 19:58:06'),
('94','94','94','Exercitationem id mollitia voluptatum quod non ipsum. Nobis quasi et quasi aliquam voluptas alias voluptatum. Harum dolorem sit quia consectetur.','0','2001-01-23 08:34:55'),
('95','95','95','Consectetur sunt voluptatem blanditiis eius aspernatur tenetur quisquam delectus. Voluptate omnis pariatur itaque nisi. Mollitia in vel adipisci nulla mollitia veniam rerum voluptatem. Sunt doloremque sapiente et et.','1','2003-03-22 07:36:57'),
('96','96','96','Et aperiam voluptas dolore incidunt nihil. Itaque facilis vel quidem aut velit. Saepe dolore facilis porro vel aliquam saepe. Consequatur voluptatum accusantium dolorem voluptate.','1','2000-08-28 03:56:09'),
('97','97','97','Consequatur quae quo voluptates tempore perspiciatis voluptas vel. Dignissimos odit ut ut praesentium. In sed ex corrupti veritatis dolore.','1','2008-07-16 01:46:15'),
('98','98','98','Libero nostrum eveniet vitae aliquid quo. Totam non odio repellat aut alias pariatur.','0','1998-03-20 16:21:04'),
('99','99','99','Et sed molestiae earum veniam. Porro blanditiis odit sapiente vel facilis cupiditate. Est tempore est aliquam perferendis.','0','2002-04-09 05:30:56'),
('100','100','100','Iusto rerum esse ut sit. Autem sed impedit ipsam voluptatum quibusdam totam. Nostrum ea optio sit aut. Inventore et similique esse qui architecto ab.','1','2003-03-03 01:49:02'); 


INSERT INTO `friend_requests` VALUES ('1','1','unfriended','2008-04-06 12:23:17','1988-07-18 05:55:21'),
('2','2','declined','2014-05-21 02:56:16','1977-08-01 05:43:19'),
('3','3','approved','2010-05-20 23:33:56','1998-09-10 15:49:14'),
('4','4','requested','2010-04-03 13:24:56','1999-04-25 23:15:02'),
('5','5','requested','1994-07-08 23:22:15','2019-01-19 21:01:50'),
('6','6','unfriended','2011-09-20 01:59:38','1988-04-27 19:11:53'),
('7','7','requested','2013-12-21 04:46:58','2005-03-03 01:53:10'),
('8','8','approved','1979-04-24 17:07:51','1984-03-21 02:31:55'),
('9','9','unfriended','1974-08-28 05:47:53','2006-09-28 00:10:00'),
('10','10','approved','1976-11-08 04:05:15','2005-09-04 18:37:54'),
('11','11','requested','2001-10-21 04:14:51','1995-04-18 09:12:06'),
('12','12','approved','2015-07-07 09:25:21','2009-05-22 04:31:26'),
('13','13','approved','1979-05-24 08:53:48','1989-09-09 12:13:15'),
('14','14','declined','2001-11-23 23:27:06','2002-04-24 01:49:28'),
('15','15','approved','1981-01-15 13:44:04','2019-01-17 20:58:18'),
('16','16','requested','1979-10-30 17:07:06','2009-12-06 04:57:42'),
('17','17','unfriended','1973-05-09 04:48:10','1973-03-22 08:03:56'),
('18','18','approved','1983-01-25 20:19:40','1991-06-27 17:26:40'),
('19','19','requested','2009-11-22 23:41:30','1979-06-25 01:04:20'),
('20','20','requested','2014-10-26 23:25:13','2009-12-19 23:51:52'),
('21','21','declined','1999-08-12 07:21:00','2015-08-30 10:17:35'),
('22','22','approved','1978-01-30 10:06:24','2009-12-07 12:46:29'),
('23','23','unfriended','1981-04-28 05:44:50','1972-12-01 17:11:21'),
('24','24','declined','1992-03-03 01:39:01','1973-10-04 23:27:15'),
('25','25','requested','2011-03-05 11:34:47','1990-11-16 21:50:27'),
('26','26','unfriended','2000-03-29 13:34:00','2018-04-08 14:27:39'),
('27','27','requested','1973-05-09 23:30:59','1987-01-11 07:10:13'),
('28','28','approved','1994-06-08 03:53:44','2010-05-06 07:47:59'),
('29','29','declined','1971-04-29 05:29:51','1981-01-05 16:55:11'),
('30','30','unfriended','1980-04-18 14:32:04','2006-11-25 20:22:48'),
('31','31','approved','1977-10-21 02:00:39','2001-03-10 12:13:37'),
('32','32','approved','1982-04-23 05:14:38','1976-08-31 15:17:33'),
('33','33','declined','1997-11-17 22:30:26','2003-04-22 11:05:29'),
('34','34','approved','2006-02-03 20:37:01','2012-04-25 22:24:40'),
('35','35','approved','1979-03-05 08:45:16','1980-12-31 18:42:26'),
('36','36','approved','2000-04-18 00:05:47','1999-04-29 09:45:06'),
('37','37','unfriended','2004-07-12 22:28:23','2003-03-08 04:53:08'),
('38','38','approved','2000-08-14 05:43:24','1991-08-16 15:23:35'),
('39','39','approved','1992-07-31 13:28:39','2011-08-30 06:08:51'),
('40','40','unfriended','2003-02-26 19:05:29','2016-05-28 23:08:11'),
('41','41','approved','1988-10-22 05:24:00','1989-08-18 19:27:40'),
('42','42','unfriended','1992-10-25 00:46:14','1995-02-06 21:58:24'),
('43','43','requested','1990-11-10 15:25:02','1981-01-28 01:26:10'),
('44','44','unfriended','2007-02-13 20:24:48','2013-07-26 14:37:06'),
('45','45','declined','2016-11-01 19:49:09','1979-02-23 13:40:20'),
('46','46','unfriended','1995-05-10 03:41:08','2018-04-17 07:15:33'),
('47','47','approved','1998-08-31 09:28:46','2007-03-07 04:50:40'),
('48','48','declined','2012-08-22 02:39:27','1974-11-26 23:14:34'),
('49','49','requested','1996-12-08 15:12:37','2010-07-06 13:40:28'),
('50','50','unfriended','1987-12-28 14:00:56','2009-10-19 17:32:56'),
('51','51','approved','1983-09-03 07:52:42','1999-04-14 06:20:51'),
('52','52','unfriended','2014-06-11 14:23:44','1988-10-07 12:23:33'),
('53','53','unfriended','2006-05-09 07:03:12','2018-09-28 17:27:21'),
('54','54','approved','1997-08-25 14:00:25','1970-03-14 02:54:40'),
('55','55','approved','2005-12-16 12:05:49','1989-09-23 19:24:04'),
('56','56','unfriended','1980-12-09 05:52:03','1986-10-22 22:21:27'),
('57','57','declined','1974-11-15 20:08:25','2007-07-01 22:04:59'),
('58','58','unfriended','1998-03-05 17:11:33','2013-06-27 02:26:23'),
('59','59','requested','2014-09-23 23:27:27','1976-07-10 21:16:25'),
('60','60','declined','2013-01-06 06:48:41','2012-02-22 22:56:47'),
('61','61','unfriended','1972-02-09 12:18:09','1981-07-29 18:34:34'),
('62','62','declined','1999-08-09 02:15:43','1996-03-29 18:43:36'),
('63','63','unfriended','2006-12-29 15:45:32','2005-07-10 19:23:50'),
('64','64','declined','2005-02-06 10:00:17','1974-10-05 06:54:55'),
('65','65','approved','1979-10-18 14:56:25','1987-10-19 00:19:37'),
('66','66','declined','2012-12-24 04:17:42','2004-07-06 01:52:36'),
('67','67','unfriended','1970-09-21 23:25:37','2000-09-05 15:34:37'),
('68','68','declined','1998-12-12 09:01:55','1972-07-18 15:32:15'),
('69','69','unfriended','2006-11-30 12:59:37','1992-07-24 08:38:50'),
('70','70','approved','2018-12-11 15:23:19','2017-05-05 11:43:49'),
('71','71','requested','1995-07-10 13:45:26','1995-03-06 11:26:42'),
('72','72','requested','2006-09-24 04:33:37','1972-09-15 11:27:05'),
('73','73','requested','1997-01-13 21:11:00','2003-06-14 01:42:14'),
('74','74','unfriended','1980-06-28 12:16:58','1971-04-14 04:29:29'),
('75','75','unfriended','1984-02-08 23:17:27','2018-09-07 11:34:11'),
('76','76','declined','2002-07-02 06:07:46','2000-06-18 09:29:40'),
('77','77','declined','1976-04-08 14:12:33','2002-02-11 22:43:23'),
('78','78','unfriended','1993-09-29 10:57:54','2005-01-09 02:37:27'),
('79','79','approved','1984-02-07 10:17:22','2017-08-13 18:20:02'),
('80','80','requested','2019-10-29 17:29:22','1985-08-12 10:16:46'),
('81','81','unfriended','2012-03-16 08:52:04','1992-02-23 12:33:42'),
('82','82','declined','1994-08-15 01:17:12','1971-10-03 05:37:18'),
('83','83','approved','2006-12-29 23:47:18','1980-10-26 21:50:35'),
('84','84','approved','1992-01-28 08:27:31','1984-04-29 23:48:46'),
('85','85','declined','2020-05-23 08:11:57','1981-03-18 09:00:44'),
('86','86','requested','1974-03-05 03:40:23','1974-09-23 13:16:34'),
('87','87','requested','1993-09-11 00:30:01','2019-03-12 07:41:25'),
('88','88','unfriended','1998-07-05 20:06:09','1984-07-28 13:30:51'),
('89','89','approved','2008-11-28 07:57:57','1971-01-01 01:58:51'),
('90','90','approved','2001-07-23 11:17:10','2008-11-20 06:39:55'),
('91','91','approved','1985-08-08 12:06:13','2017-05-17 02:35:07'),
('92','92','approved','2005-05-12 10:29:36','1977-08-15 12:32:33'),
('93','93','requested','1984-02-14 09:39:01','2010-10-14 07:43:54'),
('94','94','unfriended','1982-03-28 17:30:42','2013-04-03 00:46:35'),
('95','95','declined','2006-09-11 02:11:27','1981-04-13 04:06:45'),
('96','96','unfriended','2004-07-05 15:14:11','1986-09-08 17:43:56'),
('97','97','approved','1983-02-02 13:54:13','1979-10-14 17:35:53'),
('98','98','declined','1984-12-01 15:42:19','1989-05-11 07:27:40'),
('99','99','declined','1996-07-21 23:04:36','1995-08-18 04:48:06'),
('100','100','requested','2006-08-26 19:35:46','2001-02-05 20:13:18'); 


INSERT INTO `communities` VALUES ('44','ab'),
('77','adipisci'),
('43','alias'),
('78','aliquam'),
('59','amet'),
('14','atque'),
('20','atque'),
('25','aut'),
('26','autem'),
('45','autem'),
('36','consectetur'),
('73','consequatur'),
('89','consequuntur'),
('85','corporis'),
('95','corrupti'),
('18','cumque'),
('50','cupiditate'),
('69','debitis'),
('70','debitis'),
('52','delectus'),
('49','deleniti'),
('19','dignissimos'),
('68','dolor'),
('65','dolores'),
('57','ducimus'),
('74','ducimus'),
('79','ducimus'),
('98','ducimus'),
('22','ea'),
('12','eligendi'),
('62','eos'),
('72','eos'),
('76','eos'),
('16','esse'),
('83','est'),
('3','et'),
('60','et'),
('100','et'),
('23','explicabo'),
('5','facere'),
('46','fugiat'),
('40','harum'),
('42','harum'),
('27','hic'),
('96','id'),
('99','illum'),
('7','in'),
('92','inventore'),
('88','ipsa'),
('13','ipsam'),
('17','ipsam'),
('41','ipsum'),
('33','iure'),
('91','iusto'),
('81','laborum'),
('11','laudantium'),
('82','magni'),
('58','molestias'),
('93','molestias'),
('4','non'),
('66','occaecati'),
('28','odio'),
('71','officiis'),
('9','omnis'),
('8','optio'),
('53','optio'),
('2','perferendis'),
('21','quas'),
('29','quasi'),
('6','qui'),
('30','quibusdam'),
('38','quibusdam'),
('48','quis'),
('55','quis'),
('80','quis'),
('90','quis'),
('64','quo'),
('86','quo'),
('54','quod'),
('56','ratione'),
('24','reiciendis'),
('10','repellat'),
('84','rerum'),
('67','sapiente'),
('35','soluta'),
('47','soluta'),
('97','soluta'),
('94','suscipit'),
('63','tempora'),
('32','totam'),
('61','unde'),
('75','unde'),
('1','ut'),
('15','ut'),
('39','ut'),
('37','velit'),
('34','veniam'),
('51','veritatis'),
('31','voluptatem'),
('87','voluptatem'); 


INSERT INTO `comments` VALUES ('1','1','1','Recusandae nesciunt nemo non omnis quia. Unde ea sunt nobis voluptatem. Nobis asperiores ex hic ipsa debitis necessitatibus neque.','1978-06-11 08:24:50','1'),
('2','2','2','Id exercitationem assumenda ut animi. Enim aut magnam optio. Cum omnis aut fuga aut consequatur. Quod voluptas sed officia exercitationem et in. Amet quis sed maiores rerum eveniet odio dolor.','1972-05-07 13:16:47','2'),
('3','3','3','Similique non id tempora et unde et. Sint corporis est illo et iste. Modi fugiat sunt necessitatibus consectetur aliquid repudiandae. Nihil culpa facere dolor dolores esse maxime.','2008-02-04 05:24:23','3'),
('4','4','4','Vel ea ut culpa sit. Praesentium iusto magnam et non nobis sed. Rerum officia vel est velit enim sed qui ut. Facere illum sed nobis accusamus porro animi dolor.','2009-05-31 14:45:19','4'),
('5','5','5','Consequatur doloremque quis vel qui qui ipsa. Aliquid consequatur asperiores dolores hic dolorem est alias architecto. Quisquam quo non at omnis. Suscipit nemo voluptas eos recusandae.','1987-09-08 20:50:52','5'),
('6','6','6','Consequatur quasi quia consequatur exercitationem qui. Voluptatibus aut sed tempore animi quo. Soluta perspiciatis non inventore. Consequatur quibusdam in laboriosam dolores delectus.','2016-10-10 03:39:11','6'),
('7','7','7','Est et porro dolorum sunt. Qui eum praesentium dolor eos voluptas. Eveniet illum rerum in sint numquam. Ut nostrum libero et.','1989-07-07 14:39:29','7'),
('8','8','8','Neque aut consequatur et consectetur assumenda rerum sed. Nisi ducimus sint delectus modi. Molestiae veritatis ut eum in quasi et eum. Reiciendis maxime qui inventore accusantium enim iste. Earum cumque ipsa magnam magni dolorem illo vitae.','2002-04-10 16:56:28','8'),
('9','9','9','Dolores ducimus quasi qui vitae quia ex. Quia quia similique ea ad omnis velit.','1970-03-17 21:07:40','9'),
('10','10','10','Non aut qui harum tenetur. Impedit iusto veniam molestias ad tempora. Ratione accusamus quos culpa perferendis. Illo alias repellendus consequatur aut doloremque neque ipsam.','1994-12-20 03:23:16','10'),
('11','11','11','Atque quia sunt doloribus accusamus cum ut libero. Eum omnis velit amet.','1975-02-01 11:49:23','11'),
('12','12','12','Magnam facere veniam dolor earum placeat officia. Inventore hic consequuntur asperiores dolorum. Magni natus sunt fugit minus aut exercitationem. Officiis exercitationem corporis officiis iste.','2000-08-19 15:12:20','12'),
('13','13','13','Molestiae incidunt aut eaque ut aperiam et. Eligendi aut qui velit et laudantium et dolore. Aut et pariatur omnis nemo culpa debitis et. Voluptatibus eaque consectetur totam dolores quia.','1978-07-19 21:46:54','13'),
('14','14','14','Quia quia id sit id molestias. Ut ab laboriosam dolore nulla nulla quidem sint. Incidunt quos vitae non esse.','1998-09-25 21:34:58','14'),
('15','15','15','Ut qui ut quia. Eos et dolor aliquid aut laborum error. Corrupti aperiam ad ut autem beatae.','1983-02-07 19:57:13','15'),
('16','16','16','Nemo voluptatibus qui officiis et repellat. Nemo aut et expedita iure et ut. Possimus dolorem ratione consequatur magnam libero. Dolores voluptate iste sed. Temporibus aperiam eum commodi voluptatem eum sapiente.','2013-04-28 07:30:28','16'),
('17','17','17','Dicta corporis ut maiores tenetur consectetur corrupti ducimus. Nisi est accusantium quia dolor rerum repudiandae saepe qui. Cupiditate molestiae et necessitatibus nihil est placeat quis.','1985-11-12 14:07:17','17'),
('18','18','18','Commodi distinctio nemo ea rerum. Facilis harum eos assumenda qui. Quia fugiat quidem reprehenderit eveniet minima dolore rerum.','2012-05-02 05:25:34','18'),
('19','19','19','Rerum quidem molestiae neque. Dolorem laudantium eligendi libero libero incidunt optio.','2013-09-03 19:53:01','19'),
('20','20','20','Omnis quis et rerum in voluptate in. Recusandae voluptates fuga maxime laborum temporibus. Necessitatibus voluptas tempora vel deserunt. Necessitatibus placeat quis minus.','1996-01-10 01:02:06','20'),
('21','21','21','Aut aut rerum qui maxime perspiciatis. Vitae ipsum suscipit ex architecto esse illum. Molestiae et quas est ut et ut. Quia voluptatibus et rerum dolores suscipit.','1991-06-02 02:15:17','21'),
('22','22','22','Veniam eum vel occaecati omnis alias ad. A sequi et ut libero dicta. Laboriosam autem quos explicabo sed autem eveniet eum. Fuga sed sit molestiae omnis iure earum iste.','1996-05-14 02:02:01','22'),
('23','23','23','Autem et voluptatem provident recusandae delectus vitae. Dolor reprehenderit quo incidunt aliquam tempore aspernatur. Sed et unde reiciendis quo ipsum sit accusantium.','1978-01-01 08:01:56','23'),
('24','24','24','Id consequatur dolor aut. Adipisci est laborum et quibusdam velit ipsa veritatis. At voluptatibus aliquid aspernatur. Dolorem sint rem et dolorem delectus dolores autem.','1992-08-22 12:37:34','24'),
('25','25','25','Deleniti quibusdam sint voluptate ut numquam optio. Soluta eaque voluptas labore ipsum. Autem debitis magni officiis et enim repudiandae quaerat.','2003-11-08 14:44:51','25'),
('26','26','26','Et rem illum deleniti et occaecati id aut et. Et ad in similique voluptas ullam ea.','1970-10-05 21:16:17','26'),
('27','27','27','Sunt veniam aut laboriosam quasi. At minus minus quia mollitia quidem et. Ex alias voluptates est omnis adipisci.','1988-09-02 09:43:49','27'),
('28','28','28','Possimus aliquam autem deleniti aliquam. Eos adipisci natus minima aut quia ut. In consequatur laboriosam ipsam ipsum.','1991-09-13 05:46:57','28'),
('29','29','29','Aut dolores est ea necessitatibus necessitatibus ut. Dolores ad dolore deleniti eveniet. Expedita voluptatum eius odit et sequi non doloremque. Cum aliquam neque molestiae aperiam adipisci ut.','1987-06-29 09:39:42','29'),
('30','30','30','Assumenda nobis veniam consequatur nesciunt culpa unde. Illo molestiae incidunt sed consequuntur ipsa excepturi cupiditate. Iste nihil est ut cum eum eligendi est. Vitae aliquid fuga est et sed qui.','2010-07-04 23:49:46','30'),
('31','31','31','Impedit ut possimus laboriosam architecto harum et. Consequatur at ad cupiditate dolores et. Voluptate illo in est eum nihil ea autem et.','2013-08-04 19:49:59','31'),
('32','32','32','Sit et quia aut qui numquam dolorem doloribus. Cumque eos doloribus incidunt consequuntur voluptate doloremque consequatur. Exercitationem magni ex et iure nihil. Explicabo ea omnis deserunt dignissimos maxime dolorem eum.','2015-08-26 08:31:18','32'),
('33','33','33','Voluptas eius eos at nihil est voluptates eum. Aspernatur id autem quibusdam. Et et ratione enim sapiente praesentium.','1993-08-06 23:06:55','33'),
('34','34','34','Sint qui officia voluptate voluptatibus et. Eius cum nobis ad quam voluptate. Deleniti provident minus quas excepturi corporis numquam voluptas. Eum voluptas officia est ut suscipit.','1990-01-20 23:38:30','34'),
('35','35','35','Voluptatum est similique accusantium ut id. Aut et neque vero nihil sit. Non eum aut rerum. Iste vel velit excepturi ipsam aut.','2019-10-01 05:34:37','35'),
('36','36','36','Quia vitae est ut consequuntur aut qui pariatur. Nisi commodi repudiandae dignissimos. Quia in dolores enim consequatur unde.','1994-03-16 06:57:57','36'),
('37','37','37','Odio ratione sunt est provident enim. Tempora et dignissimos quasi est. Incidunt nihil expedita in sequi quae.','2005-02-26 05:19:31','37'),
('38','38','38','Harum magni aut commodi autem nostrum a dolorem. Voluptatem culpa tempore inventore molestiae fuga nisi atque omnis. Quasi explicabo molestiae facere dolorem qui dolorem labore. Tempora porro illum repellat nemo.','1987-10-10 03:46:37','38'),
('39','39','39','Est quia fugiat consectetur voluptas odit qui. Quas incidunt ipsa eligendi excepturi illo optio sed. Harum ad modi omnis laudantium.','1993-04-15 18:07:05','39'),
('40','40','40','Iure ipsum accusamus accusamus veritatis. In fuga aut voluptate eaque ullam. Repellat placeat quo officia voluptas ut dignissimos ex.','2000-12-15 09:40:22','40'),
('41','41','41','Numquam a consequatur et eius. Aut quo amet accusantium. Occaecati consequuntur aperiam animi illo sit neque. Possimus ad aperiam qui dolorum.','2007-04-14 22:04:41','41'),
('42','42','42','Architecto deserunt qui reiciendis. Distinctio reiciendis assumenda molestiae harum corporis. Sapiente ut reprehenderit facilis ea sequi repudiandae. Voluptas autem expedita natus rerum ea ducimus quam eligendi. Sit minus non voluptas architecto asperiores voluptas.','2011-09-15 12:36:09','42'),
('43','43','43','Hic temporibus quae distinctio eius. Veniam exercitationem nobis doloribus possimus quia qui. Earum aut quaerat quis.','1988-11-16 03:32:27','43'),
('44','44','44','Similique eos facere impedit. Nihil voluptas quas exercitationem modi. Autem est sint sunt modi atque qui placeat.','2013-06-16 20:48:54','44'),
('45','45','45','Et architecto non assumenda amet qui magni. Qui in dolorem aliquam odit velit consequatur. Quasi molestiae cumque est et in ut quod officia. Quae impedit eum sed molestias id ullam nostrum.','1984-03-26 22:49:49','45'),
('46','46','46','Sint et id laudantium aut id consequatur. Quo cum dolor beatae excepturi error omnis. Similique sapiente enim dolores veniam fugiat voluptatem odio.','2003-04-03 21:15:50','46'),
('47','47','47','Omnis amet nobis ex est corrupti autem. Autem est dolores deleniti assumenda. Ab quis et amet dolor nulla. In repellendus quas reiciendis aliquam iste hic vel. Officiis quidem delectus alias quam ut itaque.','1988-06-12 14:02:48','47'),
('48','48','48','Doloribus consequatur voluptatem veritatis tenetur ducimus rerum. Sunt quia sit omnis qui eum tenetur. Iste totam nemo aut aut suscipit. Voluptas sit tenetur aut nam quaerat enim ipsam.','1971-10-05 16:55:01','48'),
('49','49','49','Provident voluptate sed ut nam atque facere. Quo omnis velit repudiandae et. Doloremque id ut consequatur sit. Aut corporis voluptas hic soluta eaque consectetur sed.','2015-02-22 04:24:18','49'),
('50','50','50','Natus qui et consequatur architecto maxime. Non consequuntur non in commodi reiciendis. Voluptas et dolorum et.','1979-12-04 15:44:54','50'),
('51','51','51','Sint quod sit rerum distinctio quae et. Ut voluptate provident quo voluptatum. Ea sapiente perferendis consequuntur at praesentium occaecati. Quia qui iste magnam id.','2014-07-10 21:55:12','51'),
('52','52','52','Similique ut eveniet qui aut non quia. Aut molestiae velit labore cum. Eius enim rerum perspiciatis esse dolores. Ut veritatis quae aut illum.','1992-08-27 07:45:54','52'),
('53','53','53','Aliquid cum labore illum in. Non exercitationem voluptatem consequatur beatae. Deleniti id est aperiam quo nesciunt. Impedit ut ullam nesciunt totam.','2001-06-07 02:49:14','53'),
('54','54','54','Quia nobis cumque cupiditate illo. Eos non nisi in vero voluptas minima recusandae. Occaecati maxime placeat numquam nemo nostrum nostrum porro. Sapiente necessitatibus vero qui eius omnis quia.','2000-11-10 18:18:29','54'),
('55','55','55','Fugit itaque enim quo quaerat recusandae. Enim libero ullam ex similique quibusdam ut. Ducimus id qui neque molestiae assumenda.','2013-10-12 09:21:32','55'),
('56','56','56','Est sit adipisci et voluptatem quia. Id qui adipisci enim quia esse quia sit.','1990-08-13 12:38:49','56'),
('57','57','57','Corrupti laboriosam aperiam dolorum omnis nesciunt incidunt molestiae. Et ab rerum vel quia. Nobis nobis recusandae deserunt sed.','2016-12-21 08:34:04','57'),
('58','58','58','Et ipsum a non possimus velit eum. Ut iure dolorum ipsam eos veniam ipsam. Aut optio et sapiente exercitationem voluptate laudantium. Sed laborum qui aliquid numquam amet.','1980-10-12 10:18:56','58'),
('59','59','59','Tempora quibusdam velit quos sed. Sint non totam quae. Architecto soluta recusandae sit molestias sed et. Id consequatur debitis consequatur laborum optio eaque ab.','2004-04-11 09:14:07','59'),
('60','60','60','Aut quae et quidem placeat expedita. Omnis enim est est consectetur et et sint. Ad officia repudiandae sint possimus. Voluptate eveniet veritatis dolorem consequuntur quo.','1976-08-03 13:19:30','60'),
('61','61','61','Pariatur quia sunt sed ut asperiores necessitatibus. Facere dolore voluptas dolore vel qui non nihil. Ut nihil maxime perspiciatis qui tempora.','2001-07-12 05:19:26','61'),
('62','62','62','Qui maiores omnis qui. At iure esse eum qui nostrum voluptatem. Praesentium sed magni repellendus quia a necessitatibus aspernatur.','2019-07-02 19:54:43','62'),
('63','63','63','Aut nesciunt natus aspernatur aut rerum fuga voluptas. Iusto ut voluptatem commodi voluptatum perferendis. Magnam possimus facere eos fuga praesentium. Omnis alias molestiae iste error a nemo assumenda.','2014-09-17 11:03:11','63'),
('64','64','64','Ducimus qui placeat fugiat. Sit adipisci nihil sequi quibusdam. Autem nam aut sint impedit accusantium hic. Et enim commodi libero ea.','1984-12-19 17:38:16','64'),
('65','65','65','Accusamus eaque distinctio provident qui qui. Hic id voluptatem expedita nobis odit qui quasi.','2012-04-16 09:29:25','65'),
('66','66','66','Sapiente eos vitae laudantium commodi doloribus. Quia quae odit quia aut sint itaque corrupti. Quia fugit ipsa aut. Quo impedit tempore accusamus consequatur error.','2014-05-04 04:44:46','66'),
('67','67','67','Qui aspernatur quia non aliquid. Alias et nam esse voluptate quas iusto. Quia alias quos et ducimus aliquam id. Enim est voluptates magni molestiae.','1981-02-26 05:30:30','67'),
('68','68','68','Impedit itaque porro omnis sed dolores. Magnam qui aut sit.','2016-11-04 15:09:09','68'),
('69','69','69','Eveniet eos velit enim earum voluptas quo laudantium. A et et adipisci voluptate voluptatem voluptatem accusantium labore. Sed commodi cupiditate magnam officiis et unde.','2010-06-29 04:47:17','69'),
('70','70','70','Id doloribus dolore nam omnis. Impedit repellat non amet aspernatur voluptates similique rem. Id similique iusto tempora sunt. Ut magnam rerum in quam id aperiam.','1976-07-28 04:40:34','70'),
('71','71','71','Voluptatum voluptatibus commodi veritatis veniam pariatur qui. Illo ipsa maiores architecto molestias. Provident explicabo itaque exercitationem et.','2018-12-29 17:55:58','71'),
('72','72','72','Est et ut magnam qui et. Praesentium excepturi ab voluptatem inventore molestiae doloribus. Nemo sint rem delectus omnis. Quis quam voluptatem eos omnis.','2009-11-18 14:28:02','72'),
('73','73','73','Quia quas et quaerat dolore assumenda. Ut quasi asperiores iste. Voluptatem sapiente quaerat cum rem. Doloremque explicabo est iste voluptates.','1997-10-31 02:31:16','73'),
('74','74','74','Consequuntur suscipit est aut distinctio beatae omnis nemo. Quos animi at odio. Consequatur consequatur libero nihil quibusdam ab voluptatem. Laborum officiis inventore sed autem est ducimus. Temporibus doloribus incidunt error corrupti aperiam.','2010-10-12 12:58:43','74'),
('75','75','75','Perferendis eveniet placeat possimus voluptatum. Sunt iste fugit voluptates modi repudiandae ducimus nemo. Ad qui in ex provident error expedita ullam.','1983-01-06 04:34:04','75'),
('76','76','76','Aliquam veritatis sed ut accusantium non veritatis rerum. Nisi natus quia excepturi maiores inventore adipisci assumenda. Aperiam mollitia unde in eaque voluptas quo. Qui iste consectetur id nesciunt incidunt consequatur tempora.','2001-06-09 09:16:26','76'),
('77','77','77','Dolorem ducimus consequatur modi commodi molestiae autem. Repellendus fugiat dolore dolore enim et sunt reprehenderit dolorum. Sit dolor molestias perferendis enim explicabo fuga. Quos ipsum nihil rerum.','1984-02-18 08:13:25','77'),
('78','78','78','Sed dolorem distinctio ut et quam exercitationem laborum. Dicta doloremque nostrum magnam quisquam et. Facilis consequuntur similique iusto ex nulla ad. Commodi et impedit magnam aut architecto. Porro voluptates vitae reprehenderit voluptatibus.','2006-02-05 12:29:17','78'),
('79','79','79','Sit explicabo sit nostrum. Fuga quia rem vitae. Et quia voluptatem atque architecto quia labore modi. Facere asperiores asperiores ipsa sed a. Excepturi consectetur placeat omnis commodi voluptate omnis in.','1999-12-03 11:31:48','79'),
('80','80','80','Et minus itaque fugiat. Voluptatem sit non quisquam autem molestiae aliquam.','1970-04-17 01:07:51','80'),
('81','81','81','Fugiat odio deserunt necessitatibus et sequi. Explicabo aliquid et reiciendis ea voluptatibus eligendi sit qui. Repellendus enim doloremque rerum non minima sequi. Illo totam ut deserunt distinctio quod. Neque suscipit ipsa veniam.','1989-09-23 07:58:15','81'),
('82','82','82','Cumque consequuntur eos sunt et. Dolorem atque totam tempora error quas inventore. Rem fuga quaerat culpa facere rerum aut nisi.','2008-08-13 05:19:36','82'),
('83','83','83','Quia voluptates culpa qui dolores quidem. Facere voluptas qui hic culpa fugit. Quia sint fuga deserunt cumque rerum. Doloremque omnis recusandae nihil nihil eos praesentium omnis nesciunt.','2020-02-10 14:41:30','83'),
('84','84','84','Pariatur ut perspiciatis nemo ipsum. Fuga provident impedit aperiam et illum eligendi. Adipisci eos quas nulla officiis in ab.','1992-12-12 02:48:55','84'),
('85','85','85','Voluptas incidunt debitis reprehenderit non enim nesciunt. Porro praesentium quos blanditiis consequatur voluptates sed. Cum esse optio sed sit assumenda. Perferendis ex facilis quia adipisci facilis excepturi. Possimus eum quis molestiae rerum mollitia dolorum sit non.','2000-02-05 02:25:20','85'),
('86','86','86','Accusantium enim illo eum magnam error pariatur culpa aut. Tenetur corporis explicabo quia tenetur eaque voluptate aut rem. Quia eius totam est odio. Et et officia omnis voluptatum consequatur perspiciatis quia.','2003-12-08 23:54:24','86'),
('87','87','87','Ratione cumque sunt alias molestias quia mollitia aperiam at. Inventore aut cum aspernatur iusto consequuntur. Modi mollitia sequi est. Ab sunt nisi eligendi tempora.','1981-01-20 12:48:08','87'),
('88','88','88','Expedita totam possimus iure et omnis eum voluptatibus. Nobis atque fuga repudiandae quidem. Totam sapiente voluptas qui magnam quidem quaerat perferendis.','1988-11-03 02:33:46','88'),
('89','89','89','Exercitationem cumque eaque maiores voluptatem. Quo et ullam modi consequatur ipsam. Blanditiis consequatur eligendi facere incidunt ut. Voluptatem unde quaerat iste aperiam eos est.','2004-10-09 00:26:45','89'),
('90','90','90','Occaecati dicta ad porro. Sunt repellat repellendus quis iste numquam. Aperiam dolores et nesciunt non vero sed ullam veritatis.','1983-09-03 15:12:35','90'),
('91','91','91','Placeat perspiciatis illum qui veniam natus eum quo. Quam quidem magnam alias tempora vero. Veritatis ea non omnis possimus autem expedita nihil aut.','1986-01-04 08:43:45','91'),
('92','92','92','Nemo est exercitationem nobis laboriosam. Vel harum corporis velit voluptatem. Aliquid ut mollitia nostrum voluptatem et consequatur rem omnis. In ea nobis sint iure veritatis.','2016-11-10 23:21:24','92'),
('93','93','93','Sequi incidunt dolor illo repellat. Sed et quidem unde minus. Nisi quas sapiente eum aut doloremque consequatur. Autem est voluptatem quia quas tempora quae.','1982-01-23 00:23:54','93'),
('94','94','94','Qui officia sed quo officia molestias eveniet. Ea iste sequi eum sint quis tempora. Qui aut inventore quis cum. Rerum recusandae vitae a porro.','1984-06-01 14:25:20','94'),
('95','95','95','Reprehenderit ipsa in dolores laboriosam id aut. Exercitationem non deleniti quo sint aspernatur soluta quia. Aut sunt consequuntur asperiores qui autem ratione repudiandae suscipit.','1975-11-04 06:55:03','95'),
('96','96','96','Beatae rem maiores velit voluptas quisquam iusto tenetur. Voluptatem est repellendus repudiandae dolorem esse impedit. Vel nam perspiciatis explicabo et quo est id. Vero doloremque neque eius error a impedit.','1979-08-23 13:54:38','96'),
('97','97','97','Aliquam consequuntur adipisci quis eum ducimus facilis. Aspernatur laboriosam sunt deserunt nulla neque saepe provident. Sequi consequuntur est sit.','1984-07-10 21:42:08','97'),
('98','98','98','Eveniet dolorem earum porro ab. Repellendus eaque et debitis rem ut soluta. Soluta ullam eaque magnam. Minima quia numquam laudantium nihil quo earum.','2007-12-22 05:52:03','98'),
('99','99','99','Suscipit sequi et reiciendis accusantium. Similique provident omnis sed omnis. Dolores eligendi et corrupti in vel ut earum qui.','1996-03-29 02:16:59','99'),
('100','100','100','Ipsa vel et qui at vero beatae. Quae nemo ut illum et deserunt cumque non. Perferendis sed iste sint id aut amet omnis. Aut aut quo ad quis deserunt in ducimus.','2001-12-02 05:19:03','100'); 



INSERT INTO `users_likes` VALUES ('1','1'),
('2','2'),
('3','3'),
('4','4'),
('5','5'),
('6','6'),
('7','7'),
('8','8'),
('9','9'),
('10','10'),
('11','11'),
('12','12'),
('13','13'),
('14','14'),
('15','15'),
('16','16'),
('17','17'),
('18','18'),
('19','19'),
('20','20'),
('21','21'),
('22','22'),
('23','23'),
('24','24'),
('25','25'),
('26','26'),
('27','27'),
('28','28'),
('29','29'),
('30','30'),
('31','31'),
('32','32'),
('33','33'),
('34','34'),
('35','35'),
('36','36'),
('37','37'),
('38','38'),
('39','39'),
('40','40'),
('41','41'),
('42','42'),
('43','43'),
('44','44'),
('45','45'),
('46','46'),
('47','47'),
('48','48'),
('49','49'),
('50','50'),
('51','51'),
('52','52'),
('53','53'),
('54','54'),
('55','55'),
('56','56'),
('57','57'),
('58','58'),
('59','59'),
('60','60'),
('61','61'),
('62','62'),
('63','63'),
('64','64'),
('65','65'),
('66','66'),
('67','67'),
('68','68'),
('69','69'),
('70','70'),
('71','71'),
('72','72'),
('73','73'),
('74','74'),
('75','75'),
('76','76'),
('77','77'),
('78','78'),
('79','79'),
('80','80'),
('81','81'),
('82','82'),
('83','83'),
('84','84'),
('85','85'),
('86','86'),
('87','87'),
('88','88'),
('89','89'),
('90','90'),
('91','91'),
('92','92'),
('93','93'),
('94','94'),
('95','95'),
('96','96'),
('97','97'),
('98','98'),
('99','99'),
('100','100'); 


INSERT INTO `users_communities` VALUES ('1','1','0'),
('2','2','1'),
('3','3','1'),
('4','4','0'),
('5','5','1'),
('6','6','1'),
('7','7','1'),
('8','8','0'),
('9','9','0'),
('10','10','1'),
('11','11','1'),
('12','12','1'),
('13','13','0'),
('14','14','1'),
('15','15','0'),
('16','16','0'),
('17','17','0'),
('18','18','1'),
('19','19','1'),
('20','20','0'),
('21','21','0'),
('22','22','1'),
('23','23','0'),
('24','24','1'),
('25','25','1'),
('26','26','0'),
('27','27','1'),
('28','28','1'),
('29','29','1'),
('30','30','1'),
('31','31','0'),
('32','32','0'),
('33','33','0'),
('34','34','0'),
('35','35','1'),
('36','36','0'),
('37','37','1'),
('38','38','0'),
('39','39','0'),
('40','40','0'),
('41','41','1'),
('42','42','0'),
('43','43','0'),
('44','44','1'),
('45','45','0'),
('46','46','1'),
('47','47','0'),
('48','48','0'),
('49','49','0'),
('50','50','0'),
('51','51','0'),
('52','52','1'),
('53','53','1'),
('54','54','0'),
('55','55','1'),
('56','56','0'),
('57','57','1'),
('58','58','0'),
('59','59','1'),
('60','60','1'),
('61','61','0'),
('62','62','0'),
('63','63','1'),
('64','64','0'),
('65','65','1'),
('66','66','1'),
('67','67','0'),
('68','68','1'),
('69','69','1'),
('70','70','1'),
('71','71','0'),
('72','72','1'),
('73','73','1'),
('74','74','1'),
('75','75','0'),
('76','76','1'),
('77','77','1'),
('78','78','1'),
('79','79','0'),
('80','80','1'),
('81','81','0'),
('82','82','0'),
('83','83','0'),
('84','84','1'),
('85','85','0'),
('86','86','1'),
('87','87','1'),
('88','88','1'),
('89','89','0'),
('90','90','1'),
('91','91','0'),
('92','92','1'),
('93','93','0'),
('94','94','0'),
('95','95','0'),
('96','96','1'),
('97','97','0'),
('98','98','1'),
('99','99','1'),
('100','100','0'); 


